flow_id,hotel_id,customer_id,start_date,end_date,room_mst_id,room_price,price_unit,isGroup,isCheckin
1725,17,294,4/25/16,4/26/16,4,203,USD,0,1
1724,12,25,4/25/16,4/28/16,1,229,USD,0,1
1723,15,25,4/25/16,4/29/16,3,197,USD,1,1
1722,20,284,4/25/16,4/26/16,5,206,USD,1,1
1721,9,275,4/25/16,4/27/16,7,210,USD,1,1
1720,17,27,4/25/16,4/30/16,3,183,USD,1,1
1719,7,57,4/25/16,4/27/16,4,191,USD,0,1
1718,2,28,4/25/16,4/26/16,7,200,USD,1,1
1717,7,148,4/25/16,4/28/16,3,184,USD,1,1
1716,9,102,4/25/16,4/27/16,6,290,USD,1,1
1715,2,346,4/24/16,4/27/16,6,296,USD,0,1
1714,1,276,4/24/16,4/27/16,4,190,USD,1,1
1713,5,203,4/24/16,4/25/16,4,203,USD,0,1
1712,7,309,4/23/16,4/27/16,4,205,USD,1,1
1711,19,162,4/23/16,4/28/16,4,203,USD,1,1
1710,12,292,4/22/16,4/25/16,3,198,USD,1,1
1709,3,74,4/22/16,4/26/16,1,230,USD,0,1
1708,12,71,4/22/16,4/24/16,7,300,USD,0,1
1707,20,234,4/22/16,4/27/16,5,218,USD,1,1
1706,3,89,4/22/16,4/27/16,2,191,USD,1,1
1705,3,308,4/22/16,4/27/16,3,191,USD,1,1
1704,11,124,4/21/16,4/24/16,3,198,USD,1,1
1703,8,299,4/21/16,4/23/16,4,198,USD,0,1
1702,4,4,4/21/16,4/26/16,1,235,USD,1,1
1701,7,324,4/20/16,4/22/16,3,193,USD,0,1
1700,10,199,4/20/16,4/25/16,5,204,USD,1,1
1699,8,138,4/20/16,4/24/16,5,200,USD,1,1
1698,19,95,4/20/16,4/24/16,3,199,USD,1,1
1697,11,283,4/19/16,4/23/16,5,208,USD,1,1
1696,15,13,4/18/16,4/20/16,5,210,USD,0,1
1695,10,255,4/18/16,4/23/16,4,210,USD,0,1
1694,6,322,4/17/16,4/19/16,6,296,USD,1,1
1693,20,222,4/17/16,4/18/16,4,206,USD,0,1
1692,18,145,4/16/16,4/18/16,2,197,USD,1,1
1691,8,102,4/16/16,4/18/16,3,186,USD,1,1
1690,18,330,4/16/16,4/18/16,7,370,USD,1,1
1689,12,153,4/15/16,4/20/16,1,221,USD,0,1
1688,11,342,4/14/16,4/18/16,4,202,USD,1,1
1687,6,88,4/14/16,4/16/16,3,199,USD,0,1
1686,11,145,4/13/16,4/14/16,7,220,USD,1,1
1685,2,188,4/12/16,4/17/16,6,300,USD,1,1
1684,4,301,4/11/16,4/16/16,1,239,USD,0,1
1683,16,246,4/11/16,4/15/16,1,222,USD,1,1
1682,19,110,4/10/16,4/14/16,7,340,USD,0,1
1681,3,237,4/10/16,4/11/16,5,213,USD,0,1
1680,8,295,4/9/16,4/13/16,7,240,USD,1,1
1679,15,146,4/9/16,4/14/16,1,233,USD,0,1
1678,5,258,4/8/16,4/12/16,4,196,USD,0,1
1677,7,7,4/7/16,4/12/16,4,198,USD,1,1
1676,19,289,4/7/16,4/9/16,3,181,USD,1,1
1675,2,108,4/6/16,4/8/16,7,250,USD,1,1
1674,3,193,4/5/16,4/8/16,4,206,USD,0,1
1673,14,181,4/4/16,4/5/16,6,309,USD,1,1
1672,10,272,4/3/16,4/7/16,2,201,USD,1,1
1671,5,311,4/3/16,4/4/16,6,300,USD,0,1
1670,16,181,4/3/16,4/6/16,5,215,USD,0,1
1669,19,303,4/2/16,4/4/16,3,187,USD,1,1
1668,5,306,4/2/16,4/3/16,4,198,USD,1,1
1667,15,201,4/1/16,4/5/16,5,217,USD,1,1
1666,19,36,3/31/16,4/1/16,2,190,USD,0,1
1665,9,154,3/30/16,3/31/16,6,308,USD,1,1
1664,5,328,3/30/16,4/3/16,2,199,USD,1,1
1663,4,67,3/30/16,3/31/16,3,183,USD,0,1
1662,1,193,3/29/16,4/1/16,7,150,USD,1,1
1661,10,131,3/29/16,3/31/16,5,209,USD,1,1
1660,20,97,3/29/16,4/3/16,3,184,USD,0,1
1659,13,233,3/29/16,3/30/16,5,219,USD,0,1
1658,19,334,3/29/16,4/2/16,3,199,USD,1,1
1657,2,4,3/28/16,3/30/16,3,180,USD,1,1
1656,15,19,3/27/16,3/29/16,2,208,USD,1,1
1655,19,129,3/27/16,3/30/16,3,200,USD,0,1
1654,5,42,3/27/16,3/29/16,4,210,USD,1,1
1653,2,198,3/26/16,3/29/16,5,217,USD,1,1
1652,18,255,3/26/16,3/28/16,3,193,USD,1,1
1651,20,14,3/26/16,3/29/16,7,470,USD,1,1
1650,17,298,3/26/16,3/27/16,7,220,USD,0,1
1649,8,285,3/26/16,3/31/16,5,211,USD,1,1
1648,5,128,3/26/16,3/30/16,3,197,USD,1,1
1647,2,340,3/26/16,3/30/16,2,200,USD,0,1
1646,21,124,3/26/16,3/28/16,1,229,USD,1,1
1645,6,151,3/25/16,3/26/16,4,197,USD,0,1
1644,9,82,3/24/16,3/27/16,4,193,USD,1,1
1643,9,50,3/24/16,3/27/16,3,192,USD,0,1
1642,17,317,3/24/16,3/25/16,5,206,USD,0,1
1641,19,208,3/24/16,3/29/16,5,205,USD,0,1
1640,19,278,3/23/16,3/25/16,5,215,USD,1,1
1639,5,5,3/22/16,3/23/16,3,199,USD,0,1
1638,21,256,3/21/16,3/26/16,6,310,USD,0,1
1637,6,206,3/20/16,3/25/16,4,192,USD,0,1
1636,14,285,3/20/16,3/23/16,2,203,USD,1,1
1635,9,129,3/19/16,3/22/16,7,140,USD,1,1
1634,14,166,3/18/16,3/21/16,6,291,USD,1,1
1633,17,315,3/18/16,3/19/16,1,228,USD,1,1
1632,4,317,3/18/16,3/23/16,4,203,USD,1,1
1631,10,194,3/17/16,3/20/16,5,218,USD,1,1
1630,1,2,3/17/16,3/21/16,7,170,USD,0,1
1629,9,225,3/17/16,3/18/16,5,209,USD,1,1
1628,21,123,3/16/16,3/20/16,6,307,USD,1,1
1627,4,78,3/16/16,3/18/16,6,306,USD,0,1
1626,13,135,3/15/16,3/17/16,5,211,USD,1,1
1625,13,300,3/15/16,3/18/16,7,370,USD,0,1
1624,11,177,3/14/16,3/19/16,2,207,USD,1,1
1623,10,222,3/14/16,3/18/16,6,300,USD,0,1
1622,11,258,3/14/16,3/16/16,3,189,USD,0,1
1621,16,29,3/13/16,3/14/16,6,296,USD,0,1
1620,5,56,3/13/16,3/14/16,4,201,USD,0,1
1619,16,163,3/13/16,3/16/16,4,207,USD,0,1
1618,14,343,3/12/16,3/16/16,1,237,USD,0,1
1617,6,54,3/11/16,3/15/16,6,308,USD,0,1
1616,5,65,3/11/16,3/13/16,7,410,USD,1,1
1615,17,294,3/10/16,3/11/16,4,203,USD,0,1
1614,12,25,3/10/16,3/13/16,1,229,USD,0,1
1613,15,25,3/10/16,3/15/16,3,197,USD,1,1
1612,20,284,3/10/16,3/11/16,5,206,USD,1,1
1611,9,275,3/9/16,3/11/16,7,210,USD,1,1
1610,17,27,3/9/16,3/14/16,3,183,USD,1,1
1609,7,57,3/8/16,3/10/16,4,191,USD,0,1
1608,2,28,3/7/16,3/8/16,7,200,USD,1,1
1607,7,148,3/6/16,3/9/16,3,184,USD,1,1
1606,9,102,3/5/16,3/7/16,6,290,USD,1,1
1605,21,32,3/4/16,3/5/16,1,239,USD,1,1
1604,9,124,3/3/16,3/5/16,1,230,USD,1,1
1603,5,308,3/3/16,3/5/16,6,304,USD,0,1
1602,20,143,3/2/16,3/3/16,5,217,USD,0,1
1601,19,76,3/2/16,3/4/16,5,200,USD,1,1
1600,7,112,3/2/16,3/4/16,3,191,USD,0,1
1599,8,94,3/1/16,3/4/16,2,194,USD,1,1
1598,13,117,3/1/16,3/3/16,7,340,USD,1,1
1597,12,339,3/1/16,3/5/16,4,198,USD,1,1
1596,18,101,2/29/16,3/4/16,6,309,USD,1,1
1595,14,1,2/28/16,3/1/16,5,205,USD,1,1
1594,19,172,2/27/16,3/3/16,6,294,USD,1,1
1593,6,125,2/27/16,2/29/16,2,199,USD,0,1
1592,16,141,2/27/16,2/28/16,5,209,USD,0,1
1591,3,44,2/27/16,2/29/16,3,181,USD,1,1
1590,19,347,2/26/16,3/2/16,1,236,USD,0,1
1589,1,23,2/26/16,3/1/16,1,226,USD,1,1
1588,21,164,2/26/16,3/2/16,1,230,USD,1,1
1587,10,331,2/25/16,2/28/16,3,180,USD,1,1
1586,3,277,2/25/16,3/1/16,5,216,USD,0,1
1585,3,57,2/24/16,2/29/16,7,230,USD,0,1
1584,6,100,2/23/16,2/26/16,4,191,USD,0,1
1583,9,130,2/23/16,2/24/16,6,295,USD,0,1
1582,13,76,2/22/16,2/24/16,4,194,USD,0,1
1581,20,161,2/21/16,2/26/16,6,304,USD,0,1
1580,9,250,2/20/16,2/21/16,5,209,USD,0,1
1579,15,347,2/19/16,2/22/16,4,210,USD,1,1
1578,21,137,2/19/16,2/23/16,3,185,USD,0,1
1577,21,234,2/19/16,2/22/16,2,205,USD,0,1
1576,1,55,2/18/16,2/22/16,2,199,USD,1,1
1575,7,264,2/17/16,2/22/16,7,110,USD,0,1
1574,9,69,2/16/16,2/17/16,5,206,USD,0,1
1573,5,52,2/16/16,2/21/16,4,195,USD,1,1
1572,6,216,2/15/16,2/16/16,4,208,USD,1,1
1571,10,314,2/15/16,2/20/16,2,200,USD,0,1
1570,10,134,2/15/16,2/20/16,4,195,USD,0,1
1569,13,260,2/14/16,2/19/16,7,300,USD,1,1
1568,16,75,2/13/16,2/18/16,6,295,USD,0,1
1567,4,87,2/12/16,2/13/16,6,310,USD,1,1
1566,14,323,2/12/16,2/14/16,2,200,USD,1,1
1565,20,110,2/12/16,2/13/16,2,207,USD,1,1
1564,6,69,2/11/16,2/16/16,6,305,USD,1,1
1563,7,22,2/11/16,2/14/16,4,195,USD,1,1
1562,13,197,2/10/16,2/12/16,3,196,USD,0,1
1561,14,315,2/9/16,2/12/16,2,198,USD,0,1
1560,11,196,2/8/16,2/11/16,4,196,USD,0,1
1559,4,37,2/8/16,2/12/16,5,206,USD,0,1
1558,7,188,2/7/16,2/11/16,4,192,USD,0,1
1557,9,130,2/6/16,2/7/16,6,308,USD,0,1
1556,5,27,2/5/16,2/6/16,4,194,USD,1,1
1555,14,333,2/5/16,2/10/16,6,296,USD,1,1
1554,2,247,2/4/16,2/5/16,3,183,USD,0,1
1553,7,117,2/3/16,2/5/16,2,208,USD,0,1
1552,16,69,2/2/16,2/7/16,6,294,USD,0,1
1551,6,160,2/2/16,2/7/16,7,490,USD,1,1
1550,11,241,2/1/16,2/6/16,6,300,USD,0,1
1549,17,113,1/31/16,2/5/16,1,222,USD,1,1
1548,14,134,1/30/16,2/2/16,5,215,USD,0,1
1547,15,130,1/29/16,2/1/16,6,297,USD,1,1
1546,21,110,1/29/16,2/2/16,2,206,USD,1,1
1545,13,61,1/29/16,2/2/16,7,260,USD,1,1
1544,10,273,1/29/16,2/1/16,6,292,USD,1,1
1543,13,130,1/29/16,1/30/16,5,212,USD,1,1
1542,10,237,1/28/16,1/29/16,3,197,USD,1,1
1541,6,117,1/27/16,1/31/16,5,213,USD,0,1
1540,19,70,1/26/16,1/31/16,6,300,USD,0,1
1539,21,77,1/25/16,1/27/16,7,110,USD,0,1
1538,12,208,1/24/16,1/26/16,3,193,USD,0,1
1537,15,312,1/24/16,1/28/16,2,210,USD,0,1
1536,8,246,1/23/16,1/24/16,5,200,USD,0,1
1535,8,70,1/22/16,1/23/16,5,216,USD,0,1
1534,9,80,1/21/16,1/26/16,2,197,USD,1,1
1533,7,74,1/20/16,1/21/16,6,304,USD,0,1
1532,8,244,1/20/16,1/22/16,5,205,USD,0,1
1531,8,290,1/19/16,1/20/16,3,200,USD,1,1
1530,19,268,1/18/16,1/20/16,7,100,USD,1,1
1529,19,98,1/18/16,1/19/16,7,360,USD,0,1
1528,7,249,1/17/16,1/21/16,3,181,USD,1,1
1527,2,315,1/16/16,1/17/16,1,234,USD,0,1
1526,4,214,1/16/16,1/21/16,7,150,USD,0,1
1525,18,205,1/15/16,1/19/16,2,205,USD,0,1
1524,13,119,1/15/16,1/16/16,4,201,USD,0,1
1523,19,87,1/15/16,1/20/16,2,190,USD,1,1
1522,10,20,1/15/16,1/16/16,6,300,USD,1,1
1521,8,309,1/15/16,1/20/16,1,230,USD,1,1
1520,11,242,1/15/16,1/16/16,6,297,USD,0,1
1519,18,63,1/15/16,1/16/16,4,190,USD,0,1
1518,11,28,1/14/16,1/15/16,4,208,USD,0,1
1517,6,271,1/14/16,1/17/16,2,196,USD,0,1
1516,10,173,1/14/16,1/17/16,3,188,USD,0,1
1515,16,17,1/13/16,1/18/16,6,300,USD,1,1
1514,3,185,1/12/16,1/13/16,6,307,USD,1,1
1513,14,62,1/12/16,1/16/16,3,198,USD,1,1
1512,11,261,1/12/16,1/16/16,1,236,USD,0,1
1511,17,166,1/11/16,1/16/16,5,216,USD,0,1
1510,3,64,1/11/16,1/13/16,2,198,USD,0,1
1509,3,103,1/10/16,1/12/16,4,192,USD,0,1
1508,11,328,1/9/16,1/13/16,1,225,USD,1,1
1507,4,96,1/9/16,1/13/16,2,200,USD,0,1
1506,10,272,1/8/16,1/11/16,4,192,USD,1,1
1505,16,341,1/8/16,1/11/16,4,190,USD,1,1
1504,14,23,1/8/16,1/11/16,2,199,USD,1,1
1503,12,328,1/7/16,1/10/16,7,400,USD,1,1
1502,14,187,1/6/16,1/11/16,5,208,USD,1,1
1501,7,207,1/6/16,1/10/16,6,293,USD,1,1
1500,16,10,1/6/16,1/11/16,2,193,USD,1,1
1499,7,72,1/6/16,1/9/16,4,192,USD,1,1
1498,12,105,1/5/16,1/6/16,5,219,USD,0,1
1497,12,155,1/4/16,1/8/16,2,208,USD,0,1
1496,2,305,1/3/16,1/5/16,1,226,USD,0,1
1495,11,125,1/2/16,1/7/16,1,235,USD,0,1
1494,9,319,1/2/16,1/6/16,5,216,USD,0,1
1493,15,303,1/1/16,1/2/16,4,200,USD,0,1
1492,19,45,1/1/16,1/6/16,1,228,USD,1,1
1491,1,266,1/1/16,1/4/16,7,220,USD,1,1
1490,14,248,1/1/16,1/6/16,3,189,USD,0,1
1489,2,345,1/1/16,1/3/16,4,198,USD,1,1
1488,7,86,12/31/15,1/5/16,3,189,USD,0,1
1487,19,280,12/31/15,1/1/16,4,191,USD,0,1
1486,16,195,12/31/15,1/3/16,6,302,USD,0,1
1485,14,27,12/30/15,1/3/16,4,197,USD,0,1
1484,14,217,12/29/15,1/1/16,5,205,USD,0,1
1483,1,283,12/29/15,1/2/16,5,209,USD,0,1
1482,1,307,12/28/15,12/29/15,7,470,USD,1,1
1481,8,191,12/28/15,12/29/15,2,199,USD,1,1
1480,20,179,12/27/15,12/31/15,3,198,USD,1,1
1479,6,314,12/27/15,1/1/16,4,191,USD,0,1
1478,13,237,12/26/15,12/28/15,4,198,USD,1,1
1477,14,150,12/25/15,12/27/15,1,223,USD,1,1
1476,18,273,12/24/15,12/26/15,4,199,USD,0,1
1475,8,216,12/23/15,12/27/15,7,460,USD,1,1
1474,16,323,12/22/15,12/27/15,1,221,USD,0,1
1473,3,230,12/22/15,12/26/15,6,295,USD,0,1
1472,18,268,12/22/15,12/25/15,7,270,USD,1,1
1471,20,25,12/22/15,12/27/15,2,204,USD,0,1
1470,11,205,12/22/15,12/27/15,2,208,USD,1,1
1469,18,211,12/22/15,12/24/15,5,215,USD,1,1
1468,7,341,12/21/15,12/23/15,3,185,USD,0,1
1467,19,1,12/20/15,12/22/15,1,236,USD,0,1
1466,13,278,12/20/15,12/24/15,7,410,USD,0,1
1465,1,13,12/19/15,12/24/15,5,200,USD,0,1
1464,19,281,12/19/15,12/20/15,4,210,USD,0,1
1463,3,119,12/18/15,12/22/15,2,192,USD,1,1
1462,18,345,12/17/15,12/20/15,6,298,USD,1,1
1461,14,22,12/16/15,12/21/15,7,330,USD,1,1
1460,17,298,12/16/15,12/20/15,5,206,USD,0,1
1459,6,197,12/16/15,12/20/15,5,213,USD,1,1
1458,11,31,12/15/15,12/20/15,7,280,USD,1,1
1457,5,149,12/14/15,12/17/15,4,191,USD,1,1
1456,15,319,12/13/15,12/17/15,5,206,USD,0,1
1455,13,305,12/13/15,12/15/15,4,198,USD,0,1
1454,14,309,12/13/15,12/17/15,2,193,USD,0,1
1453,19,200,12/12/15,12/14/15,6,293,USD,1,1
1452,15,43,12/12/15,12/15/15,7,290,USD,0,1
1451,11,20,12/12/15,12/16/15,3,189,USD,0,1
1450,7,7,12/12/15,12/17/15,7,160,USD,0,1
1449,10,336,12/11/15,12/15/15,5,220,USD,0,1
1448,15,170,12/10/15,12/14/15,1,224,USD,1,1
1447,7,274,12/9/15,12/13/15,7,350,USD,0,1
1446,9,286,12/9/15,12/14/15,1,220,USD,0,1
1445,18,295,12/9/15,12/13/15,5,204,USD,0,1
1444,11,125,12/8/15,12/10/15,2,202,USD,0,1
1443,2,301,12/7/15,12/12/15,2,209,USD,0,1
1442,6,62,12/7/15,12/9/15,5,220,USD,0,1
1441,1,163,12/6/15,12/8/15,6,297,USD,1,1
1440,6,173,12/6/15,12/11/15,5,212,USD,0,1
1439,13,272,12/6/15,12/8/15,7,360,USD,0,1
1438,3,115,12/5/15,12/7/15,2,209,USD,1,1
1437,15,329,12/5/15,12/9/15,5,216,USD,0,1
1436,19,272,12/4/15,12/7/15,7,430,USD,0,1
1435,20,255,12/4/15,12/7/15,2,198,USD,0,1
1434,16,78,12/4/15,12/9/15,3,200,USD,0,1
1433,9,213,12/3/15,12/5/15,6,296,USD,1,1
1432,5,175,12/3/15,12/4/15,4,207,USD,1,1
1431,6,84,12/2/15,12/5/15,2,207,USD,0,1
1430,20,300,12/2/15,12/4/15,1,226,USD,1,1
1429,6,199,12/2/15,12/7/15,4,196,USD,1,1
1428,5,210,12/1/15,12/5/15,4,201,USD,1,1
1427,14,274,12/1/15,12/5/15,4,210,USD,0,1
1426,20,244,11/30/15,12/3/15,6,308,USD,1,1
1425,13,185,11/29/15,11/30/15,5,203,USD,0,1
1424,15,48,11/28/15,11/29/15,4,202,USD,0,1
1423,21,74,11/28/15,11/29/15,1,231,USD,1,1
1422,4,100,11/27/15,11/28/15,3,189,USD,0,1
1421,3,342,11/27/15,11/28/15,3,190,USD,1,1
1420,13,225,11/27/15,11/29/15,3,187,USD,1,1
1419,6,219,11/26/15,11/29/15,6,291,USD,0,1
1418,18,129,11/25/15,11/29/15,2,207,USD,1,1
1417,6,320,11/24/15,11/28/15,1,229,USD,0,1
1416,7,32,11/23/15,11/24/15,2,198,USD,0,1
1415,19,1,11/22/15,11/23/15,6,310,USD,0,1
1414,18,205,11/21/15,11/23/15,3,180,USD,1,1
1413,1,223,11/20/15,11/23/15,7,160,USD,1,1
1412,8,41,11/20/15,11/21/15,6,295,USD,0,1
1411,9,288,11/19/15,11/21/15,7,310,USD,0,1
1410,2,38,11/18/15,11/23/15,7,280,USD,0,1
1409,18,61,11/18/15,11/23/15,4,195,USD,1,1
1408,7,181,11/18/15,11/19/15,4,204,USD,0,1
1407,18,46,11/18/15,11/20/15,6,302,USD,0,1
1406,20,82,11/17/15,11/21/15,6,298,USD,0,1
1405,8,137,11/16/15,11/17/15,7,360,USD,1,1
1404,18,320,11/15/15,11/19/15,3,190,USD,0,1
1403,11,300,11/15/15,11/20/15,4,210,USD,1,1
1402,1,144,11/15/15,11/19/15,4,198,USD,0,1
1401,3,259,11/15/15,11/19/15,2,196,USD,0,1
1400,1,108,11/15/15,11/16/15,1,238,USD,1,1
1399,19,174,11/15/15,11/18/15,2,210,USD,0,1
1398,9,340,11/15/15,11/20/15,2,204,USD,1,1
1397,13,222,11/14/15,11/17/15,5,216,USD,1,1
1396,12,44,11/13/15,11/15/15,2,200,USD,1,1
1395,7,303,11/12/15,11/17/15,2,190,USD,1,1
1394,14,183,11/12/15,11/15/15,7,440,USD,1,1
1393,12,172,11/11/15,11/16/15,2,202,USD,1,1
1392,8,118,11/10/15,11/12/15,2,208,USD,1,1
1391,14,84,11/9/15,11/13/15,3,198,USD,0,1
1390,7,163,11/8/15,11/13/15,6,310,USD,1,1
1389,11,101,11/8/15,11/10/15,2,208,USD,0,1
1388,18,225,11/8/15,11/10/15,1,230,USD,0,1
1387,13,6,11/8/15,11/10/15,7,340,USD,1,1
1386,13,110,11/7/15,11/9/15,3,186,USD,1,1
1385,5,326,11/7/15,11/11/15,5,214,USD,0,1
1384,11,9,11/7/15,11/10/15,2,197,USD,0,1
1383,2,346,11/7/15,11/10/15,6,303,USD,0,1
1382,21,312,11/7/15,11/11/15,4,197,USD,0,1
1381,21,216,11/6/15,11/10/15,1,231,USD,1,1
1380,6,159,11/5/15,11/8/15,7,490,USD,0,1
1379,20,35,11/5/15,11/8/15,7,300,USD,0,1
1378,18,63,11/4/15,11/5/15,5,213,USD,0,1
1377,19,33,11/3/15,11/8/15,5,206,USD,1,1
1376,1,28,11/3/15,11/5/15,5,201,USD,0,1
1375,13,47,11/3/15,11/4/15,7,320,USD,1,1
1374,13,135,11/2/15,11/3/15,5,220,USD,1,1
1373,13,158,11/1/15,11/2/15,5,215,USD,1,1
1372,1,231,11/1/15,11/5/15,1,223,USD,1,1
1371,6,347,10/31/15,11/2/15,7,430,USD,0,1
1370,12,85,10/31/15,11/4/15,3,181,USD,0,1
1369,12,331,10/30/15,11/1/15,4,196,USD,0,1
1368,7,166,10/30/15,11/2/15,2,209,USD,1,1
1367,14,330,10/30/15,11/4/15,4,202,USD,1,1
1366,12,294,10/29/15,11/1/15,5,213,USD,0,1
1365,19,248,10/29/15,10/30/15,6,310,USD,1,1
1364,20,155,10/28/15,11/2/15,4,205,USD,1,1
1363,17,23,10/28/15,10/31/15,1,226,USD,1,1
1362,9,226,10/28/15,10/30/15,5,218,USD,0,1
1361,11,294,10/27/15,10/31/15,4,206,USD,0,1
1360,21,150,10/27/15,10/30/15,5,213,USD,1,1
1359,17,142,10/27/15,10/29/15,2,209,USD,1,1
1358,9,305,10/26/15,10/27/15,3,196,USD,1,1
1357,12,299,10/25/15,10/27/15,1,229,USD,0,1
1356,6,64,10/24/15,10/28/15,6,298,USD,0,1
1355,3,150,10/24/15,10/27/15,3,199,USD,1,1
1354,21,167,10/23/15,10/26/15,5,204,USD,1,1
1353,15,147,10/23/15,10/26/15,3,197,USD,0,1
1352,1,276,10/23/15,10/27/15,3,180,USD,1,1
1351,3,200,10/22/15,10/26/15,5,210,USD,1,1
1350,1,137,10/22/15,10/25/15,3,191,USD,0,1
1349,11,145,10/22/15,10/25/15,1,225,USD,1,1
1348,17,207,10/22/15,10/24/15,2,204,USD,1,1
1347,5,91,10/22/15,10/26/15,6,300,USD,1,1
1346,1,74,10/21/15,10/24/15,5,215,USD,0,1
1345,8,333,10/20/15,10/24/15,2,202,USD,1,1
1344,5,229,10/20/15,10/22/15,1,221,USD,1,1
1343,7,37,10/19/15,10/21/15,7,100,USD,1,1
1342,11,170,10/18/15,10/19/15,1,227,USD,1,1
1341,13,132,10/17/15,10/20/15,3,191,USD,0,1
1340,15,135,10/16/15,10/19/15,6,300,USD,1,1
1339,11,57,10/15/15,10/16/15,5,201,USD,1,1
1338,21,197,10/14/15,10/17/15,3,185,USD,0,1
1337,4,141,10/14/15,10/16/15,6,303,USD,1,1
1336,5,295,10/13/15,10/18/15,1,223,USD,1,1
1335,20,135,10/12/15,10/16/15,1,234,USD,1,1
1334,4,330,10/12/15,10/15/15,3,190,USD,1,1
1333,4,184,10/11/15,10/16/15,4,210,USD,0,1
1332,14,210,10/10/15,10/14/15,6,298,USD,1,1
1331,12,37,10/9/15,10/11/15,6,309,USD,1,1
1330,19,67,10/9/15,10/13/15,3,195,USD,0,1
1329,14,172,10/9/15,10/12/15,3,186,USD,0,1
1328,15,127,10/8/15,10/13/15,2,201,USD,0,1
1327,11,334,10/7/15,10/8/15,1,222,USD,1,1
1326,10,188,10/7/15,10/12/15,4,199,USD,0,1
1325,20,231,10/7/15,10/8/15,3,187,USD,0,1
1324,21,194,10/6/15,10/9/15,1,221,USD,1,1
1323,6,160,10/5/15,10/6/15,4,205,USD,0,1
1322,21,350,10/4/15,10/9/15,1,237,USD,1,1
1321,21,84,10/4/15,10/8/15,1,231,USD,0,1
1320,3,349,10/3/15,10/8/15,2,197,USD,1,1
1319,8,54,10/3/15,10/4/15,3,180,USD,1,1
1318,15,25,10/2/15,10/4/15,4,203,USD,0,1
1317,9,43,10/2/15,10/5/15,3,186,USD,1,1
1316,19,293,10/2/15,10/6/15,1,220,USD,0,1
1315,1,269,10/1/15,10/4/15,3,190,USD,1,1
1314,6,114,9/30/15,10/2/15,7,350,USD,0,1
1313,13,69,9/29/15,10/2/15,3,183,USD,0,1
1312,10,333,9/28/15,10/2/15,5,200,USD,0,1
1311,11,140,9/27/15,9/30/15,2,207,USD,1,1
1310,6,56,9/27/15,10/2/15,1,231,USD,0,1
1309,16,266,9/26/15,9/28/15,5,206,USD,0,1
1308,10,338,9/26/15,9/27/15,7,160,USD,1,1
1307,1,30,9/26/15,9/29/15,7,410,USD,0,1
1306,21,5,9/25/15,9/28/15,4,195,USD,0,1
1305,20,254,9/25/15,9/30/15,2,190,USD,1,1
1304,17,206,9/24/15,9/25/15,5,208,USD,0,1
1303,20,197,9/23/15,9/27/15,6,293,USD,0,1
1302,12,200,9/23/15,9/24/15,1,233,USD,0,1
1301,6,81,9/22/15,9/27/15,2,190,USD,0,1
1300,11,99,9/21/15,9/25/15,2,199,USD,1,1
1299,3,320,9/20/15,9/24/15,7,370,USD,1,1
1298,15,230,9/20/15,9/25/15,1,221,USD,1,1
1297,12,55,9/20/15,9/23/15,1,236,USD,1,1
1296,21,272,9/20/15,9/25/15,5,201,USD,1,1
1295,20,219,9/20/15,9/22/15,2,193,USD,1,1
1294,13,317,9/20/15,9/25/15,5,200,USD,1,1
1293,18,257,9/20/15,9/25/15,6,290,USD,1,1
1292,6,302,9/20/15,9/22/15,1,231,USD,0,1
1291,8,154,9/19/15,9/21/15,5,214,USD,0,1
1290,2,298,9/19/15,9/20/15,6,304,USD,1,1
1289,19,267,9/19/15,9/20/15,7,190,USD,1,1
1288,3,294,9/18/15,9/22/15,3,199,USD,0,1
1287,14,233,9/17/15,9/20/15,4,201,USD,1,1
1286,14,69,9/16/15,9/18/15,1,230,USD,1,1
1285,12,42,9/15/15,9/20/15,1,237,USD,1,1
1284,20,236,9/15/15,9/19/15,3,193,USD,0,1
1283,4,278,9/14/15,9/18/15,3,184,USD,0,1
1282,9,243,9/13/15,9/14/15,7,210,USD,0,1
1281,2,301,9/13/15,9/15/15,2,195,USD,1,1
1280,9,107,9/12/15,9/17/15,5,203,USD,1,1
1279,20,316,9/12/15,9/16/15,1,239,USD,0,1
1278,18,181,9/12/15,9/16/15,6,310,USD,1,1
1277,8,190,9/11/15,9/12/15,6,309,USD,0,1
1276,15,207,9/11/15,9/15/15,3,200,USD,1,1
1275,10,272,9/11/15,9/12/15,6,308,USD,0,1
1274,10,330,9/10/15,9/12/15,1,221,USD,1,1
1273,12,19,9/10/15,9/13/15,5,201,USD,1,1
1272,5,217,9/9/15,9/12/15,1,226,USD,0,1
1271,9,335,9/9/15,9/10/15,7,430,USD,0,1
1270,7,31,9/9/15,9/12/15,4,193,USD,0,1
1269,3,209,9/9/15,9/12/15,3,184,USD,1,1
1268,10,199,9/8/15,9/9/15,3,189,USD,1,1
1267,14,301,9/8/15,9/12/15,3,191,USD,1,1
1266,13,127,9/7/15,9/8/15,7,240,USD,1,1
1265,12,305,9/6/15,9/11/15,2,209,USD,0,1
1264,20,193,9/6/15,9/9/15,6,295,USD,0,1
1263,7,309,9/6/15,9/8/15,4,197,USD,0,1
1262,11,267,9/5/15,9/10/15,3,193,USD,1,1
1261,19,232,9/5/15,9/8/15,5,214,USD,1,1
1260,18,168,9/4/15,9/7/15,7,180,USD,0,1
1259,16,256,9/3/15,9/8/15,5,205,USD,0,1
1258,8,249,9/2/15,9/3/15,5,200,USD,0,1
1257,3,319,9/1/15,9/2/15,4,209,USD,1,1
1256,19,214,8/31/15,9/4/15,3,191,USD,0,1
1255,4,114,8/30/15,9/3/15,7,210,USD,1,1
1254,17,172,8/30/15,9/3/15,7,380,USD,0,1
1253,18,6,8/30/15,9/2/15,3,193,USD,0,1
1252,21,20,8/29/15,9/1/15,4,206,USD,0,1
1251,21,224,8/28/15,8/31/15,2,196,USD,1,1
1250,11,119,8/27/15,8/29/15,3,190,USD,0,1
1249,19,149,8/26/15,8/27/15,5,207,USD,1,1
1248,1,218,8/25/15,8/29/15,2,204,USD,1,1
1247,12,239,8/25/15,8/26/15,2,191,USD,0,1
1246,10,104,8/25/15,8/29/15,1,221,USD,0,1
1245,19,230,8/25/15,8/27/15,7,290,USD,0,1
1244,19,266,8/24/15,8/27/15,5,219,USD,1,1
1243,7,44,8/23/15,8/28/15,6,301,USD,0,1
1242,20,309,8/23/15,8/25/15,4,194,USD,0,1
1241,1,89,8/23/15,8/25/15,4,205,USD,0,1
1240,20,237,8/22/15,8/23/15,1,234,USD,1,1
1239,21,248,8/21/15,8/23/15,4,202,USD,1,1
1238,12,134,8/21/15,8/23/15,5,204,USD,0,1
1237,7,27,8/21/15,8/24/15,4,190,USD,1,1
1236,1,124,8/20/15,8/24/15,4,210,USD,0,1
1235,15,331,8/19/15,8/21/15,5,220,USD,1,1
1234,8,287,8/19/15,8/22/15,1,220,USD,1,1
1233,5,122,8/19/15,8/23/15,4,197,USD,1,1
1232,3,64,8/18/15,8/22/15,1,233,USD,1,1
1231,1,41,8/17/15,8/21/15,7,190,USD,1,1
1230,13,217,8/17/15,8/19/15,3,192,USD,0,1
1229,17,323,8/17/15,8/22/15,7,360,USD,1,1
1228,5,78,8/16/15,8/19/15,4,208,USD,0,1
1227,12,294,8/16/15,8/18/15,5,217,USD,0,1
1226,8,338,8/15/15,8/16/15,2,192,USD,1,1
1225,21,10,8/15/15,8/16/15,2,203,USD,1,1
1224,16,233,8/14/15,8/15/15,7,200,USD,0,1
1223,2,20,8/14/15,8/17/15,7,350,USD,0,1
1222,15,90,8/13/15,8/15/15,2,198,USD,1,1
1221,7,21,8/12/15,8/14/15,1,237,USD,1,1
1220,4,312,8/12/15,8/15/15,4,199,USD,1,1
1219,10,62,8/12/15,8/17/15,4,208,USD,1,1
1218,19,339,8/11/15,8/14/15,2,202,USD,0,1
1217,12,89,8/10/15,8/14/15,6,307,USD,0,1
1216,12,111,8/10/15,8/12/15,3,184,USD,1,1
1215,4,74,8/9/15,8/11/15,6,294,USD,1,1
1214,9,62,8/9/15,8/11/15,7,320,USD,1,1
1213,3,218,8/8/15,8/12/15,5,205,USD,1,1
1212,7,189,8/8/15,8/10/15,3,185,USD,1,1
1211,12,173,8/8/15,8/11/15,6,294,USD,0,1
1210,7,240,8/8/15,8/9/15,5,202,USD,0,1
1209,16,80,8/7/15,8/8/15,1,237,USD,0,1
1208,21,168,8/6/15,8/8/15,2,194,USD,1,1
1207,11,153,8/6/15,8/7/15,4,192,USD,0,1
1206,6,259,8/5/15,8/9/15,4,200,USD,0,1
1205,9,303,8/5/15,8/6/15,4,201,USD,1,1
1204,12,232,8/5/15,8/8/15,4,197,USD,0,1
1203,12,310,8/5/15,8/9/15,3,182,USD,1,1
1202,18,287,8/5/15,8/10/15,2,192,USD,0,1
1201,10,50,8/4/15,8/7/15,7,160,USD,0,1
1200,16,57,8/4/15,8/7/15,7,160,USD,1,1
1199,11,101,8/4/15,8/9/15,3,187,USD,0,1
1198,3,151,8/3/15,8/4/15,2,194,USD,0,1
1197,9,252,8/3/15,8/6/15,7,290,USD,0,1
1196,17,101,8/2/15,8/4/15,3,187,USD,1,1
1195,11,192,8/1/15,8/6/15,1,240,USD,0,1
1194,7,36,8/1/15,8/3/15,4,205,USD,1,1
1193,13,238,8/1/15,8/3/15,2,206,USD,1,1
1192,5,319,8/1/15,8/5/15,5,200,USD,1,1
1191,14,225,8/1/15,8/6/15,1,232,USD,1,1
1190,11,231,7/31/15,8/5/15,1,225,USD,0,1
1189,18,82,7/30/15,8/4/15,4,191,USD,1,1
1188,1,35,7/30/15,8/4/15,6,306,USD,0,1
1187,20,23,7/30/15,8/1/15,6,292,USD,1,1
1186,5,191,7/29/15,7/30/15,4,200,USD,1,1
1185,16,344,7/29/15,8/2/15,2,206,USD,1,1
1184,12,279,7/28/15,7/30/15,5,202,USD,0,1
1183,8,145,7/28/15,8/1/15,1,227,USD,1,1
1182,14,203,7/28/15,7/30/15,5,201,USD,1,1
1181,6,129,7/27/15,7/29/15,4,208,USD,0,1
1180,17,208,7/26/15,7/31/15,7,480,USD,0,1
1179,1,345,7/25/15,7/26/15,3,187,USD,1,1
1178,9,286,7/25/15,7/30/15,2,190,USD,0,1
1177,15,175,7/25/15,7/28/15,4,191,USD,0,1
1176,12,206,7/24/15,7/29/15,5,206,USD,0,1
1175,7,127,7/24/15,7/25/15,1,239,USD,0,1
1174,20,97,7/23/15,7/26/15,5,200,USD,0,1
1173,17,33,7/23/15,7/28/15,7,270,USD,1,1
1172,4,12,7/22/15,7/26/15,6,301,USD,0,1
1171,7,129,7/21/15,7/25/15,2,198,USD,1,1
1170,7,72,7/20/15,7/24/15,2,191,USD,0,1
1169,15,88,7/19/15,7/20/15,5,208,USD,1,1
1168,17,33,7/18/15,7/19/15,5,219,USD,0,1
1167,12,26,7/17/15,7/22/15,7,440,USD,1,1
1166,14,226,7/16/15,7/17/15,7,430,USD,0,1
1165,6,312,7/15/15,7/16/15,2,204,USD,1,1
1164,12,339,7/15/15,7/17/15,1,231,USD,1,1
1163,1,28,7/15/15,7/16/15,7,460,USD,0,1
1162,17,343,7/15/15,7/18/15,6,290,USD,0,1
1161,14,173,7/14/15,7/17/15,2,209,USD,1,1
1160,16,296,7/14/15,7/15/15,7,420,USD,0,1
1159,8,291,7/14/15,7/19/15,3,180,USD,0,1
1158,19,283,7/13/15,7/15/15,4,200,USD,0,1
1157,9,321,7/13/15,7/18/15,7,470,USD,0,1
1156,11,87,7/13/15,7/14/15,7,400,USD,1,1
1155,17,276,7/13/15,7/14/15,2,204,USD,1,1
1154,19,242,7/12/15,7/13/15,2,206,USD,0,1
1153,1,121,7/12/15,7/17/15,7,450,USD,0,1
1152,18,51,7/12/15,7/14/15,7,380,USD,1,1
1151,9,322,7/11/15,7/15/15,3,196,USD,1,1
1150,6,259,7/11/15,7/15/15,6,304,USD,0,1
1149,12,350,7/11/15,7/16/15,5,218,USD,1,1
1148,12,177,7/11/15,7/14/15,1,227,USD,0,1
1147,17,204,7/10/15,7/14/15,1,230,USD,0,1
1146,20,299,7/10/15,7/11/15,5,220,USD,0,1
1145,18,81,7/10/15,7/12/15,4,193,USD,0,1
1144,6,4,7/10/15,7/11/15,7,390,USD,1,1
1143,18,236,7/10/15,7/11/15,2,197,USD,0,1
1142,16,220,7/9/15,7/10/15,4,209,USD,0,1
1141,14,199,7/8/15,7/12/15,2,210,USD,1,1
1140,6,204,7/8/15,7/13/15,7,340,USD,1,1
1139,8,189,7/8/15,7/12/15,5,213,USD,1,1
1138,1,35,7/7/15,7/8/15,5,214,USD,0,1
1137,14,103,7/7/15,7/8/15,4,191,USD,0,1
1136,2,150,7/7/15,7/12/15,5,203,USD,0,1
1135,3,202,7/7/15,7/12/15,3,192,USD,1,1
1134,15,249,7/7/15,7/12/15,7,130,USD,1,1
1133,19,176,7/7/15,7/12/15,2,196,USD,0,1
1132,16,121,7/6/15,7/9/15,7,140,USD,0,1
1131,20,256,7/5/15,7/7/15,4,195,USD,0,1
1130,1,203,7/5/15,7/10/15,2,193,USD,1,1
1129,21,316,7/5/15,7/8/15,7,260,USD,1,1
1128,18,101,7/5/15,7/6/15,2,193,USD,0,1
1127,8,255,7/4/15,7/8/15,6,291,USD,1,1
1126,19,61,7/4/15,7/8/15,4,202,USD,1,1
1125,11,339,7/3/15,7/8/15,4,190,USD,1,1
1124,18,42,7/2/15,7/4/15,4,190,USD,1,1
1123,17,105,7/2/15,7/7/15,3,186,USD,0,1
1122,14,75,7/1/15,7/3/15,2,191,USD,1,1
1121,16,219,6/30/15,7/3/15,7,220,USD,1,1
1120,7,342,6/30/15,7/4/15,4,197,USD,1,1
1119,7,245,6/30/15,7/2/15,1,237,USD,0,1
1118,13,205,6/29/15,7/3/15,3,199,USD,0,1
1117,15,199,6/28/15,7/3/15,7,280,USD,0,1
1116,19,261,6/27/15,6/29/15,7,420,USD,0,1
1115,10,343,6/27/15,7/1/15,2,200,USD,1,1
1114,8,330,6/27/15,7/1/15,3,183,USD,0,1
1113,3,15,6/26/15,7/1/15,2,196,USD,0,1
1112,13,131,6/25/15,6/27/15,3,195,USD,1,1
1111,16,179,6/24/15,6/26/15,1,239,USD,0,1
1110,14,320,6/23/15,6/24/15,2,196,USD,1,1
1109,4,49,6/22/15,6/23/15,1,232,USD,0,1
1108,15,137,6/22/15,6/27/15,3,182,USD,1,1
1107,16,31,6/21/15,6/25/15,4,202,USD,1,1
1106,6,261,6/21/15,6/22/15,5,210,USD,1,1
1105,3,212,6/20/15,6/25/15,1,236,USD,0,1
1104,1,213,6/19/15,6/20/15,1,239,USD,1,1
1103,8,29,6/19/15,6/22/15,5,215,USD,1,1
1102,18,52,6/19/15,6/24/15,4,206,USD,1,1
1101,21,210,6/19/15,6/24/15,3,186,USD,1,1
1100,5,333,6/19/15,6/21/15,5,212,USD,0,1
1099,4,23,6/19/15,6/21/15,5,210,USD,1,1
1098,14,82,6/19/15,6/22/15,1,221,USD,1,1
1097,2,14,6/18/15,6/21/15,5,210,USD,1,1
1096,21,86,6/18/15,6/23/15,2,191,USD,1,1
1095,15,96,6/18/15,6/21/15,6,294,USD,0,1
1094,4,153,6/17/15,6/18/15,4,195,USD,0,1
1093,1,287,6/16/15,6/19/15,6,306,USD,1,1
1092,11,117,6/15/15,6/16/15,6,294,USD,1,1
1091,1,283,6/15/15,6/19/15,7,380,USD,1,1
1090,8,73,6/14/15,6/18/15,6,308,USD,0,1
1089,5,180,6/14/15,6/18/15,6,308,USD,0,1
1088,10,166,6/14/15,6/15/15,4,198,USD,1,1
1087,9,156,6/14/15,6/19/15,3,190,USD,1,1
1086,12,114,6/14/15,6/18/15,2,192,USD,1,1
1085,5,258,6/13/15,6/18/15,3,184,USD,0,1
1084,4,346,6/12/15,6/15/15,1,240,USD,0,1
1083,16,289,6/12/15,6/13/15,2,200,USD,1,1
1082,12,71,6/12/15,6/16/15,4,191,USD,0,1
1081,9,27,6/12/15,6/15/15,1,224,USD,1,1
1080,6,325,6/11/15,6/14/15,2,194,USD,1,1
1079,8,274,6/10/15,6/12/15,7,340,USD,1,1
1078,13,342,6/10/15,6/11/15,1,224,USD,1,1
1077,12,121,6/10/15,6/13/15,5,203,USD,1,1
1076,11,114,6/9/15,6/12/15,6,301,USD,1,1
1075,18,261,6/8/15,6/11/15,1,239,USD,1,1
1074,10,19,6/8/15,6/11/15,6,299,USD,0,1
1073,11,276,6/7/15,6/9/15,3,193,USD,0,1
1072,21,201,6/7/15,6/9/15,4,191,USD,0,1
1071,17,16,6/6/15,6/11/15,3,181,USD,0,1
1070,15,74,6/6/15,6/10/15,6,292,USD,1,1
1069,13,161,6/5/15,6/8/15,3,184,USD,1,1
1068,10,164,6/5/15,6/8/15,2,201,USD,1,1
1067,15,258,6/5/15,6/10/15,2,201,USD,1,1
1066,19,115,6/4/15,6/9/15,2,193,USD,0,1
1065,1,253,6/3/15,6/8/15,4,191,USD,1,1
1064,19,263,6/3/15,6/5/15,3,184,USD,1,1
1063,8,159,6/2/15,6/7/15,1,240,USD,0,1
1062,14,59,6/2/15,6/4/15,1,227,USD,0,1
1061,19,243,6/1/15,6/4/15,1,237,USD,1,1
1060,13,53,6/1/15,6/5/15,2,196,USD,0,1
1059,15,341,5/31/15,6/3/15,2,198,USD,0,1
1058,15,145,5/31/15,6/2/15,1,233,USD,1,1
1057,17,318,5/30/15,6/3/15,4,209,USD,1,1
1056,17,274,5/29/15,6/2/15,4,200,USD,1,1
1055,1,350,5/29/15,6/3/15,2,196,USD,1,1
1054,6,232,5/29/15,6/3/15,6,299,USD,0,1
1053,4,43,5/28/15,5/31/15,4,198,USD,0,1
1052,13,217,5/27/15,5/29/15,1,223,USD,1,1
1051,10,161,5/26/15,5/27/15,5,214,USD,0,1
1050,6,26,5/25/15,5/26/15,1,234,USD,1,1
1049,15,94,5/25/15,5/29/15,1,220,USD,1,1
1048,4,86,5/24/15,5/27/15,7,110,USD,1,1
1047,13,107,5/24/15,5/29/15,7,350,USD,1,1
1046,13,89,5/23/15,5/24/15,2,194,USD,0,1
1045,5,57,5/22/15,5/27/15,4,197,USD,0,1
1044,2,165,5/22/15,5/26/15,6,310,USD,1,1
1043,11,307,5/22/15,5/25/15,6,295,USD,1,1
1042,1,188,5/22/15,5/25/15,7,410,USD,0,1
1041,20,103,5/22/15,5/23/15,6,290,USD,1,1
1040,1,115,5/21/15,5/23/15,1,221,USD,1,1
1039,15,166,5/21/15,5/23/15,2,204,USD,1,1
1038,6,277,5/21/15,5/22/15,7,460,USD,0,1
1037,11,350,5/20/15,5/25/15,6,296,USD,1,1
1036,1,105,5/20/15,5/25/15,4,208,USD,1,1
1035,15,206,5/20/15,5/25/15,4,193,USD,1,1
1034,4,92,5/19/15,5/23/15,1,231,USD,1,1
1033,21,36,5/18/15,5/23/15,4,203,USD,0,1
1032,19,258,5/18/15,5/21/15,2,200,USD,0,1
1031,18,47,5/18/15,5/22/15,4,199,USD,1,1
1030,1,267,5/18/15,5/19/15,6,298,USD,0,1
1029,5,158,5/18/15,5/23/15,3,191,USD,0,1
1028,15,85,5/17/15,5/20/15,4,193,USD,1,1
1027,18,160,5/17/15,5/19/15,1,222,USD,1,1
1026,1,92,5/16/15,5/17/15,1,233,USD,1,1
1025,8,302,5/15/15,5/19/15,5,219,USD,0,1
1024,12,257,5/14/15,5/16/15,6,303,USD,0,1
1023,1,140,5/13/15,5/18/15,7,380,USD,0,1
1022,4,142,5/13/15,5/17/15,6,303,USD,0,1
1021,16,208,5/13/15,5/17/15,3,190,USD,1,1
1020,6,20,5/12/15,5/15/15,7,300,USD,0,1
1019,6,182,5/11/15,5/13/15,4,204,USD,1,1
1018,11,306,5/10/15,5/12/15,5,216,USD,1,1
1017,21,119,5/10/15,5/13/15,4,208,USD,0,1
1016,6,227,5/10/15,5/12/15,7,390,USD,1,1
1015,9,161,5/9/15,5/12/15,6,291,USD,0,1
1014,20,255,5/8/15,5/13/15,4,196,USD,1,1
1013,15,258,5/8/15,5/9/15,2,195,USD,0,1
1012,19,126,5/8/15,5/10/15,7,370,USD,0,1
1011,4,121,5/8/15,5/11/15,4,201,USD,0,1
1010,20,154,5/8/15,5/9/15,2,201,USD,1,1
1009,6,135,5/8/15,5/9/15,3,187,USD,1,1
1008,5,341,5/7/15,5/8/15,6,310,USD,1,1
1007,4,226,5/7/15,5/8/15,6,303,USD,1,1
1006,2,155,5/6/15,5/7/15,5,214,USD,1,1
1005,12,97,5/5/15,5/10/15,5,202,USD,0,1
1004,16,265,5/4/15,5/6/15,1,226,USD,1,1
1003,20,187,5/3/15,5/5/15,1,225,USD,0,1
1002,7,140,5/2/15,5/7/15,5,215,USD,0,1
1001,11,166,5/2/15,5/7/15,4,191,USD,0,1
1000,20,134,5/2/15,5/7/15,4,202,USD,1,1
999,16,62,5/2/15,5/3/15,2,198,USD,1,1
998,8,12,5/2/15,5/5/15,7,460,USD,0,1
997,10,166,5/1/15,5/4/15,7,300,USD,0,1
996,6,91,4/30/15,5/5/15,2,206,USD,1,1
995,8,266,4/29/15,5/3/15,3,182,USD,0,1
994,20,152,4/29/15,5/3/15,5,200,USD,1,1
993,5,280,4/29/15,5/4/15,6,300,USD,1,1
992,1,157,4/28/15,5/3/15,7,430,USD,0,1
991,9,249,4/27/15,5/2/15,6,294,USD,0,1
990,4,278,4/27/15,4/29/15,5,206,USD,1,1
989,4,105,4/27/15,5/2/15,6,297,USD,1,1
988,16,59,4/27/15,4/28/15,2,199,USD,0,1
987,10,31,4/26/15,4/28/15,4,204,USD,1,1
986,2,282,4/25/15,4/28/15,7,400,USD,1,1
985,2,225,4/24/15,4/27/15,7,430,USD,1,1
984,19,81,4/23/15,4/28/15,3,187,USD,0,1
983,4,133,4/23/15,4/27/15,4,208,USD,0,1
982,9,345,4/22/15,4/23/15,3,181,USD,0,1
981,2,290,4/21/15,4/26/15,7,300,USD,0,1
980,14,9,4/20/15,4/22/15,7,180,USD,1,1
979,1,268,4/19/15,4/22/15,1,226,USD,0,1
978,8,149,4/18/15,4/19/15,5,212,USD,1,1
977,6,238,4/18/15,4/19/15,6,293,USD,1,1
976,8,195,4/18/15,4/21/15,3,200,USD,1,1
975,2,143,4/18/15,4/19/15,3,192,USD,0,1
974,6,108,4/18/15,4/22/15,5,202,USD,1,1
973,11,192,4/18/15,4/22/15,7,150,USD,1,1
972,10,215,4/18/15,4/20/15,1,228,USD,0,1
971,7,67,4/18/15,4/23/15,5,211,USD,1,1
970,7,301,4/17/15,4/20/15,6,307,USD,1,1
969,12,36,4/16/15,4/17/15,7,150,USD,1,1
968,19,182,4/16/15,4/18/15,1,237,USD,0,1
967,18,128,4/16/15,4/20/15,5,215,USD,1,1
966,2,311,4/15/15,4/20/15,1,229,USD,0,1
965,1,243,4/15/15,4/16/15,1,237,USD,0,1
964,12,3,4/14/15,4/19/15,4,205,USD,1,1
963,2,134,4/13/15,4/17/15,5,204,USD,1,1
962,1,118,4/12/15,4/17/15,5,201,USD,1,1
961,19,47,4/11/15,4/15/15,1,227,USD,0,1
960,11,224,4/11/15,4/12/15,2,190,USD,1,1
959,4,199,4/10/15,4/11/15,3,186,USD,1,1
958,6,63,4/10/15,4/13/15,6,308,USD,1,1
957,2,76,4/10/15,4/14/15,6,290,USD,1,1
956,2,141,4/10/15,4/15/15,3,184,USD,0,1
955,12,313,4/9/15,4/10/15,7,230,USD,1,1
954,15,85,4/8/15,4/10/15,6,309,USD,1,1
953,10,339,4/7/15,4/9/15,4,207,USD,0,1
952,13,201,4/6/15,4/8/15,1,239,USD,1,1
951,20,9,4/6/15,4/7/15,3,182,USD,1,1
950,9,213,4/6/15,4/9/15,1,229,USD,1,1
949,12,283,4/5/15,4/9/15,7,270,USD,1,1
948,20,82,4/5/15,4/6/15,7,320,USD,0,1
947,12,30,4/5/15,4/10/15,3,195,USD,1,1
946,21,253,4/4/15,4/9/15,1,232,USD,1,1
945,15,22,4/4/15,4/9/15,5,204,USD,1,1
944,13,166,4/4/15,4/5/15,6,294,USD,1,1
943,12,65,4/3/15,4/6/15,5,220,USD,0,1
942,9,155,4/3/15,4/5/15,6,293,USD,1,1
941,7,320,4/2/15,4/7/15,3,196,USD,0,1
940,19,90,4/1/15,4/3/15,7,440,USD,1,1
939,6,234,3/31/15,4/4/15,5,214,USD,1,1
938,9,65,3/31/15,4/5/15,7,470,USD,1,1
937,21,294,3/30/15,4/2/15,4,201,USD,0,1
936,5,57,3/30/15,4/1/15,2,209,USD,1,1
935,10,25,3/30/15,4/2/15,2,198,USD,1,1
934,16,159,3/29/15,3/30/15,6,292,USD,0,1
933,10,33,3/28/15,3/29/15,5,215,USD,0,1
932,13,202,3/27/15,3/31/15,3,192,USD,1,1
931,7,253,3/26/15,3/27/15,7,460,USD,0,1
930,19,62,3/25/15,3/28/15,7,310,USD,1,1
929,3,276,3/24/15,3/27/15,7,300,USD,1,1
928,21,158,3/24/15,3/27/15,2,209,USD,1,1
927,14,296,3/23/15,3/26/15,7,440,USD,0,1
926,17,297,3/23/15,3/24/15,6,302,USD,1,1
925,12,204,3/23/15,3/24/15,5,215,USD,0,1
924,12,176,3/22/15,3/24/15,1,230,USD,1,1
923,4,323,3/21/15,3/26/15,7,390,USD,1,1
922,18,111,3/21/15,3/22/15,2,205,USD,0,1
921,19,344,3/20/15,3/21/15,4,210,USD,0,1
920,4,240,3/19/15,3/20/15,3,180,USD,1,1
919,6,348,3/19/15,3/22/15,3,195,USD,0,1
918,21,147,3/18/15,3/23/15,4,190,USD,0,1
917,7,109,3/18/15,3/20/15,4,198,USD,1,1
916,5,32,3/18/15,3/22/15,5,220,USD,1,1
915,15,330,3/18/15,3/22/15,3,184,USD,1,1
914,17,224,3/17/15,3/19/15,6,304,USD,1,1
913,12,308,3/17/15,3/18/15,6,310,USD,1,1
912,13,322,3/17/15,3/18/15,2,195,USD,1,1
911,11,15,3/16/15,3/17/15,4,195,USD,1,1
910,8,6,3/16/15,3/19/15,2,206,USD,1,1
909,11,140,3/15/15,3/20/15,4,199,USD,0,1
908,9,220,3/15/15,3/20/15,4,190,USD,1,1
907,10,277,3/14/15,3/19/15,7,310,USD,0,1
906,8,244,3/14/15,3/17/15,6,309,USD,1,1
905,12,145,3/14/15,3/16/15,2,195,USD,1,1
904,10,43,3/13/15,3/18/15,3,187,USD,0,1
903,12,64,3/13/15,3/17/15,1,225,USD,1,1
902,13,210,3/13/15,3/18/15,7,380,USD,0,1
901,11,19,3/13/15,3/14/15,5,212,USD,1,1
900,15,171,3/13/15,3/18/15,2,192,USD,1,1
899,12,168,3/13/15,3/15/15,4,208,USD,1,1
898,20,169,3/12/15,3/16/15,4,190,USD,1,1
897,19,337,3/12/15,3/17/15,5,204,USD,1,1
896,4,207,3/11/15,3/15/15,1,227,USD,1,1
895,10,230,3/11/15,3/14/15,5,201,USD,1,1
894,12,101,3/10/15,3/11/15,4,197,USD,1,1
893,6,143,3/9/15,3/10/15,6,297,USD,1,1
892,16,310,3/9/15,3/10/15,6,295,USD,1,1
891,18,63,3/8/15,3/10/15,7,270,USD,0,1
890,15,224,3/8/15,3/10/15,4,192,USD,0,1
889,2,48,3/7/15,3/9/15,2,203,USD,0,1
888,15,56,3/6/15,3/9/15,5,208,USD,0,1
887,10,169,3/5/15,3/10/15,1,222,USD,1,1
886,14,14,3/5/15,3/10/15,1,236,USD,0,1
885,16,272,3/5/15,3/9/15,6,298,USD,0,1
884,8,162,3/5/15,3/6/15,5,205,USD,1,1
883,9,92,3/5/15,3/10/15,6,294,USD,0,1
882,18,12,3/5/15,3/9/15,6,308,USD,1,1
881,15,20,3/4/15,3/5/15,6,310,USD,0,1
880,15,127,3/3/15,3/4/15,6,295,USD,0,1
879,3,186,3/3/15,3/5/15,3,198,USD,0,1
878,11,44,3/3/15,3/7/15,6,309,USD,0,1
877,2,91,3/3/15,3/8/15,7,150,USD,1,1
876,21,155,3/2/15,3/4/15,4,209,USD,0,1
875,8,53,3/1/15,3/3/15,6,294,USD,0,1
874,17,180,2/28/15,3/3/15,1,224,USD,1,1
873,15,142,2/27/15,3/3/15,5,201,USD,1,1
872,21,124,2/27/15,2/28/15,4,190,USD,1,1
871,8,137,2/27/15,3/3/15,4,195,USD,1,1
870,3,102,2/26/15,2/28/15,3,195,USD,0,1
869,19,44,2/25/15,2/28/15,2,193,USD,1,1
868,8,251,2/25/15,2/27/15,4,192,USD,1,1
867,16,246,2/24/15,3/1/15,1,233,USD,1,1
866,17,204,2/24/15,2/27/15,1,226,USD,0,1
865,3,217,2/23/15,2/27/15,4,202,USD,0,1
864,7,246,2/23/15,2/26/15,7,230,USD,1,1
863,16,17,2/23/15,2/26/15,6,301,USD,1,1
862,16,176,2/23/15,2/27/15,2,206,USD,0,1
861,6,200,2/22/15,2/25/15,7,430,USD,0,1
860,2,38,2/21/15,2/25/15,5,218,USD,1,1
859,12,179,2/21/15,2/26/15,5,207,USD,1,1
858,19,71,2/21/15,2/26/15,2,209,USD,1,1
857,15,230,2/20/15,2/25/15,2,200,USD,1,1
856,9,187,2/19/15,2/24/15,3,198,USD,1,1
855,12,115,2/18/15,2/21/15,5,206,USD,0,1
854,19,205,2/17/15,2/18/15,2,198,USD,1,1
853,1,173,2/17/15,2/20/15,2,194,USD,1,1
852,4,102,2/17/15,2/21/15,1,223,USD,0,1
851,19,339,2/16/15,2/21/15,1,231,USD,0,1
850,1,234,2/16/15,2/19/15,5,213,USD,0,1
849,10,276,2/16/15,2/20/15,3,184,USD,1,1
848,20,243,2/15/15,2/16/15,7,280,USD,1,1
847,11,147,2/15/15,2/18/15,2,196,USD,1,1
846,13,325,2/15/15,2/18/15,6,296,USD,0,1
845,7,220,2/14/15,2/19/15,6,304,USD,1,1
844,2,316,2/14/15,2/15/15,6,296,USD,0,1
843,15,206,2/14/15,2/17/15,3,189,USD,0,1
842,1,124,2/14/15,2/18/15,5,214,USD,1,1
841,18,330,2/13/15,2/16/15,7,400,USD,0,1
840,19,14,2/13/15,2/14/15,4,194,USD,1,1
839,12,5,2/13/15,2/14/15,7,340,USD,1,1
838,13,22,2/13/15,2/16/15,7,460,USD,0,1
837,12,332,2/12/15,2/13/15,1,229,USD,0,1
836,11,226,2/11/15,2/12/15,1,230,USD,1,1
835,20,71,2/10/15,2/11/15,5,203,USD,1,1
834,12,207,2/10/15,2/11/15,4,195,USD,0,1
833,16,29,2/10/15,2/14/15,1,237,USD,0,1
832,6,109,2/10/15,2/11/15,2,203,USD,1,1
831,14,269,2/9/15,2/11/15,1,221,USD,1,1
830,14,113,2/9/15,2/13/15,2,196,USD,1,1
829,6,35,2/9/15,2/11/15,4,210,USD,1,1
828,6,123,2/8/15,2/11/15,5,217,USD,0,1
827,6,31,2/8/15,2/11/15,5,213,USD,0,1
826,9,65,2/7/15,2/12/15,5,204,USD,0,1
825,18,330,2/6/15,2/11/15,1,229,USD,0,1
824,9,121,2/6/15,2/8/15,6,307,USD,0,1
823,17,204,2/5/15,2/6/15,6,295,USD,1,1
822,20,125,2/5/15,2/6/15,1,236,USD,0,1
821,21,77,2/5/15,2/8/15,4,210,USD,1,1
820,17,74,2/5/15,2/7/15,1,240,USD,0,1
819,14,19,2/5/15,2/9/15,7,470,USD,0,1
818,21,337,2/5/15,2/8/15,5,210,USD,0,1
817,15,24,2/4/15,2/6/15,5,200,USD,1,1
816,13,168,2/3/15,2/8/15,5,207,USD,1,1
815,17,138,2/3/15,2/7/15,6,303,USD,1,1
814,3,34,2/3/15,2/7/15,2,199,USD,1,1
813,12,257,2/2/15,2/4/15,7,320,USD,1,1
812,8,114,2/2/15,2/3/15,4,198,USD,0,1
811,4,320,2/2/15,2/4/15,2,204,USD,1,1
810,9,156,2/2/15,2/3/15,6,308,USD,1,1
809,19,4,2/2/15,2/3/15,4,197,USD,0,1
808,19,166,2/2/15,2/3/15,6,306,USD,0,1
807,13,44,2/1/15,2/3/15,2,204,USD,0,1
806,20,275,1/31/15,2/1/15,1,222,USD,0,1
805,6,199,1/30/15,1/31/15,5,206,USD,1,1
804,5,98,1/30/15,1/31/15,6,295,USD,0,1
803,21,145,1/30/15,1/31/15,7,220,USD,0,1
802,15,150,1/29/15,1/30/15,6,303,USD,0,1
801,13,114,1/28/15,2/1/15,6,292,USD,1,1
800,6,336,1/28/15,1/29/15,1,225,USD,0,1
799,2,210,1/27/15,2/1/15,4,207,USD,0,1
798,12,104,1/26/15,1/28/15,1,229,USD,0,1
797,7,286,1/25/15,1/30/15,3,195,USD,0,1
796,21,309,1/25/15,1/29/15,5,214,USD,1,1
795,4,18,1/25/15,1/28/15,3,185,USD,0,1
794,12,257,1/24/15,1/28/15,6,298,USD,0,1
793,19,245,1/24/15,1/28/15,4,190,USD,1,1
792,16,334,1/24/15,1/25/15,3,194,USD,0,1
791,19,101,1/23/15,1/27/15,3,197,USD,0,1
790,16,308,1/23/15,1/26/15,6,292,USD,0,1
789,6,52,1/23/15,1/26/15,4,204,USD,0,1
788,20,15,1/22/15,1/27/15,1,222,USD,0,1
787,9,283,1/21/15,1/22/15,7,460,USD,1,1
786,5,317,1/20/15,1/22/15,1,236,USD,1,1
785,8,184,1/19/15,1/24/15,7,470,USD,0,1
784,19,156,1/18/15,1/21/15,4,199,USD,0,1
783,3,71,1/18/15,1/21/15,5,213,USD,0,1
782,12,310,1/18/15,1/19/15,7,320,USD,0,1
781,7,337,1/17/15,1/18/15,4,196,USD,0,1
780,5,153,1/17/15,1/20/15,5,200,USD,0,1
779,13,307,1/16/15,1/17/15,4,210,USD,1,1
778,4,274,1/16/15,1/17/15,5,203,USD,0,1
777,16,6,1/15/15,1/19/15,1,224,USD,0,1
776,10,196,1/15/15,1/20/15,3,184,USD,1,1
775,5,220,1/14/15,1/18/15,6,301,USD,0,1
774,18,336,1/14/15,1/17/15,5,220,USD,0,1
773,16,252,1/14/15,1/16/15,1,230,USD,0,1
772,1,61,1/14/15,1/15/15,1,235,USD,1,1
771,11,262,1/13/15,1/18/15,5,205,USD,0,1
770,6,100,1/12/15,1/13/15,3,185,USD,0,1
769,4,348,1/12/15,1/15/15,5,218,USD,0,1
768,11,271,1/11/15,1/12/15,1,222,USD,1,1
767,15,95,1/10/15,1/13/15,3,199,USD,0,1
766,1,73,1/10/15,1/15/15,2,192,USD,0,1
765,8,297,1/9/15,1/10/15,1,220,USD,0,1
764,8,242,1/9/15,1/11/15,1,238,USD,1,1
763,11,77,1/8/15,1/10/15,5,203,USD,0,1
762,2,91,1/7/15,1/9/15,2,208,USD,1,1
761,18,257,1/6/15,1/10/15,3,193,USD,0,1
760,4,20,1/5/15,1/10/15,4,194,USD,1,1
759,1,224,1/5/15,1/6/15,3,197,USD,1,1
758,16,8,1/5/15,1/6/15,3,183,USD,0,1
757,2,323,1/5/15,1/7/15,3,192,USD,0,1
756,4,121,1/5/15,1/9/15,7,150,USD,1,1
755,14,348,1/5/15,1/7/15,4,204,USD,1,1
754,20,175,1/4/15,1/8/15,3,184,USD,1,1
753,6,183,1/4/15,1/9/15,6,294,USD,1,1
752,12,215,1/3/15,1/7/15,3,195,USD,0,1
751,14,18,1/2/15,1/4/15,1,226,USD,0,1
750,19,194,1/2/15,1/4/15,1,221,USD,0,1
749,11,196,1/1/15,1/6/15,1,226,USD,0,1
748,12,328,12/31/14,1/2/15,2,209,USD,1,1
747,12,273,12/31/14,1/5/15,7,340,USD,1,1
746,17,140,12/31/14,1/4/15,4,195,USD,0,1
745,10,200,12/30/14,1/2/15,1,234,USD,1,1
744,21,54,12/30/14,1/4/15,1,238,USD,0,1
743,17,51,12/29/14,1/1/15,5,204,USD,1,1
742,10,96,12/29/14,12/31/14,4,207,USD,0,1
741,17,298,12/28/14,1/1/15,6,305,USD,0,1
740,13,296,12/28/14,12/29/14,6,291,USD,0,1
739,9,74,12/27/14,12/29/14,1,221,USD,0,1
738,8,111,12/27/14,12/30/14,1,232,USD,1,1
737,2,84,12/26/14,12/28/14,4,210,USD,1,1
736,8,309,12/25/14,12/30/14,3,181,USD,0,1
735,16,211,12/25/14,12/26/14,6,308,USD,0,1
734,19,144,12/25/14,12/26/14,3,182,USD,1,1
733,11,30,12/25/14,12/26/14,6,307,USD,0,1
732,10,296,12/25/14,12/30/14,1,226,USD,1,1
731,18,3,12/25/14,12/27/14,7,330,USD,0,1
730,3,282,12/24/14,12/26/14,2,196,USD,0,1
729,14,96,12/23/14,12/27/14,6,299,USD,0,1
728,11,224,12/22/14,12/24/14,2,191,USD,1,1
727,4,249,12/22/14,12/24/14,4,193,USD,0,1
726,20,318,12/22/14,12/24/14,4,191,USD,0,1
725,18,337,12/22/14,12/24/14,6,293,USD,0,1
724,12,294,12/22/14,12/27/14,1,232,USD,1,1
723,11,222,12/21/14,12/25/14,1,234,USD,1,1
722,17,22,12/20/14,12/22/14,5,208,USD,1,1
721,19,55,12/20/14,12/25/14,2,192,USD,1,1
720,15,68,12/20/14,12/25/14,2,193,USD,0,1
719,18,150,12/20/14,12/24/14,4,205,USD,1,1
718,5,187,12/20/14,12/23/14,2,207,USD,0,1
717,8,177,12/19/14,12/22/14,4,209,USD,1,1
716,21,247,12/18/14,12/22/14,7,490,USD,1,1
715,3,119,12/18/14,12/22/15,2,192,USD,1,1
714,18,345,12/17/14,12/20/14,6,298,USD,1,1
713,14,22,12/16/14,12/21/14,7,330,USD,1,1
712,17,298,12/16/14,12/20/14,5,206,USD,0,1
711,6,197,12/16/14,12/20/14,5,213,USD,1,1
710,11,31,12/15/14,12/20/14,7,280,USD,1,1
709,5,149,12/14/14,12/17/14,4,191,USD,1,1
708,15,319,12/13/14,12/17/14,5,206,USD,0,1
707,13,305,12/13/14,12/15/14,4,198,USD,0,1
706,14,309,12/13/14,12/17/14,2,193,USD,0,1
705,19,200,12/12/14,12/14/14,6,293,USD,1,1
704,15,43,12/12/14,12/15/14,7,290,USD,0,1
703,11,20,12/12/14,12/16/14,3,189,USD,0,1
702,7,7,12/12/14,12/17/14,7,160,USD,0,1
701,10,336,12/11/14,12/15/14,5,220,USD,0,1
700,15,170,12/10/14,12/14/14,1,224,USD,1,1
699,7,274,12/9/14,12/13/14,7,350,USD,0,1
698,9,286,12/9/14,12/14/14,1,220,USD,0,1
697,18,295,12/9/14,12/13/14,5,204,USD,0,1
696,11,125,12/8/14,12/10/14,2,202,USD,0,1
695,2,301,12/7/14,12/12/14,2,209,USD,0,1
694,6,62,12/7/14,12/9/14,5,220,USD,0,1
693,1,163,12/6/14,12/8/14,6,297,USD,1,1
692,6,173,12/6/14,12/11/14,5,212,USD,0,1
691,13,272,12/6/14,12/8/14,7,360,USD,0,1
690,3,115,12/5/14,12/7/14,2,209,USD,1,1
689,15,329,12/5/14,12/9/14,5,216,USD,0,1
688,19,272,12/4/14,12/7/14,7,430,USD,0,1
687,20,255,12/4/14,12/7/14,2,198,USD,0,1
686,16,78,12/4/14,12/9/14,3,200,USD,0,1
685,9,213,12/3/14,12/5/14,6,296,USD,1,1
684,5,175,12/3/14,12/4/14,4,207,USD,1,1
683,6,84,12/2/14,12/5/14,2,207,USD,0,1
682,20,300,12/2/14,12/4/14,1,226,USD,1,1
681,6,199,12/2/14,12/7/14,4,196,USD,1,1
680,5,210,12/1/14,12/5/14,4,201,USD,1,1
679,14,274,12/1/14,12/5/14,4,210,USD,0,1
678,20,244,11/30/14,12/3/14,6,308,USD,1,1
677,13,185,11/29/14,11/30/14,5,203,USD,0,1
676,15,48,11/28/14,11/29/14,4,202,USD,0,1
675,21,74,11/28/14,11/29/14,1,231,USD,1,1
674,4,100,11/27/14,11/28/14,3,189,USD,0,1
673,3,342,11/27/14,11/28/14,3,190,USD,1,1
672,13,225,11/27/14,11/29/14,3,187,USD,1,1
671,6,219,11/26/14,11/29/14,6,291,USD,0,1
670,18,129,11/25/14,11/29/14,2,207,USD,1,1
669,6,320,11/24/14,11/28/14,1,229,USD,0,1
668,7,32,11/23/14,11/24/14,2,198,USD,0,1
667,19,1,11/22/14,11/23/14,6,310,USD,0,1
666,18,205,11/21/14,11/23/14,3,180,USD,1,1
665,1,223,11/20/14,11/23/14,7,160,USD,1,1
664,8,41,11/20/14,11/21/14,6,295,USD,0,1
663,9,288,11/19/14,11/21/14,7,310,USD,0,1
662,2,38,11/18/14,11/23/14,7,280,USD,0,1
661,18,61,11/18/14,11/23/14,4,195,USD,1,1
660,7,181,11/18/14,11/19/14,4,204,USD,0,1
659,18,46,11/18/14,11/20/14,6,302,USD,0,1
658,20,82,11/17/14,11/21/14,6,298,USD,0,1
657,8,137,11/16/14,11/17/14,7,360,USD,1,1
656,18,320,11/15/14,11/19/14,3,190,USD,0,1
655,11,300,11/15/14,11/20/14,4,210,USD,1,1
654,1,144,11/15/14,11/19/14,4,198,USD,0,1
653,3,259,11/15/14,11/19/14,2,196,USD,0,1
652,1,108,11/15/14,11/16/14,1,238,USD,1,1
651,19,174,11/15/14,11/18/14,2,210,USD,0,1
650,9,340,11/15/14,11/20/14,2,204,USD,1,1
649,13,222,11/14/14,11/17/14,5,216,USD,1,1
648,12,44,11/13/14,11/15/14,2,200,USD,1,1
647,7,303,11/12/14,11/17/14,2,190,USD,1,1
646,14,183,11/12/14,11/15/14,7,440,USD,1,1
645,12,172,11/11/14,11/16/14,2,202,USD,1,1
644,8,118,11/10/14,11/12/14,2,208,USD,1,1
643,14,84,11/9/14,11/13/14,3,198,USD,0,1
642,7,163,11/8/14,11/13/14,6,310,USD,1,1
641,11,101,11/8/14,11/10/14,2,208,USD,0,1
640,18,225,11/8/14,11/10/14,1,230,USD,0,1
639,13,6,11/8/14,11/10/14,7,340,USD,1,1
638,13,110,11/7/14,11/9/14,3,186,USD,1,1
637,5,326,11/7/14,11/11/14,5,214,USD,0,1
636,11,9,11/7/14,11/10/14,2,197,USD,0,1
635,2,346,11/7/14,11/10/14,6,303,USD,0,1
634,21,312,11/7/14,11/11/14,4,197,USD,0,1
633,21,216,11/6/14,11/10/14,1,231,USD,1,1
632,6,159,11/5/14,11/8/14,7,490,USD,0,1
631,20,35,11/5/14,11/8/14,7,300,USD,0,1
630,18,63,11/4/14,11/5/14,5,213,USD,0,1
629,19,33,11/3/14,11/8/14,5,206,USD,1,1
628,1,28,11/3/14,11/5/14,5,201,USD,0,1
627,13,47,11/3/14,11/4/14,7,320,USD,1,1
626,13,135,11/2/14,11/3/14,5,220,USD,1,1
625,13,158,11/1/14,11/2/14,5,215,USD,1,1
624,1,231,11/1/14,11/5/14,1,223,USD,1,1
623,6,347,10/31/14,11/2/14,7,430,USD,0,1
622,12,85,10/31/14,11/4/14,3,181,USD,0,1
621,12,331,10/30/14,11/1/14,4,196,USD,0,1
620,7,166,10/30/14,11/2/14,2,209,USD,1,1
619,14,330,10/30/14,11/4/14,4,202,USD,1,1
618,12,294,10/29/14,11/1/14,5,213,USD,0,1
617,19,248,10/29/14,10/30/14,6,310,USD,1,1
616,20,155,10/28/14,11/2/14,4,205,USD,1,1
615,17,23,10/28/14,10/31/14,1,226,USD,1,1
614,9,226,10/28/14,10/30/14,5,218,USD,0,1
613,11,294,10/27/14,10/31/14,4,206,USD,0,1
612,21,150,10/27/14,10/30/14,5,213,USD,1,1
611,17,142,10/27/14,10/29/14,2,209,USD,1,1
610,9,305,10/26/14,10/27/14,3,196,USD,1,1
609,12,299,10/25/14,10/27/14,1,229,USD,0,1
608,6,64,10/24/14,10/28/14,6,298,USD,0,1
607,3,150,10/24/14,10/27/14,3,199,USD,1,1
606,21,167,10/23/14,10/26/14,5,204,USD,1,1
605,15,147,10/23/14,10/26/14,3,197,USD,0,1
604,1,276,10/23/14,10/27/14,3,180,USD,1,1
603,3,200,10/22/14,10/26/14,5,210,USD,1,1
602,1,137,10/22/14,10/25/14,3,191,USD,0,1
601,11,145,10/22/14,10/25/14,1,225,USD,1,1
600,17,207,10/22/14,10/24/14,2,204,USD,1,1
599,5,91,10/22/14,10/26/14,6,300,USD,1,1
598,1,74,10/21/14,10/24/14,5,215,USD,0,1
597,8,333,10/20/14,10/24/14,2,202,USD,1,1
596,5,229,10/20/14,10/22/14,1,221,USD,1,1
595,7,37,10/19/14,10/21/14,7,100,USD,1,1
594,11,170,10/18/14,10/19/14,1,227,USD,1,1
593,13,132,10/17/14,10/20/14,3,191,USD,0,1
592,15,135,10/16/14,10/19/14,6,300,USD,1,1
591,11,57,10/15/14,10/16/14,5,201,USD,1,1
590,21,197,10/14/14,10/17/14,3,185,USD,0,1
589,4,141,10/14/14,10/16/14,6,303,USD,1,1
588,5,295,10/13/14,10/18/14,1,223,USD,1,1
587,20,135,10/12/14,10/16/14,1,234,USD,1,1
586,4,330,10/12/14,10/15/14,3,190,USD,1,1
585,4,184,10/11/14,10/16/14,4,210,USD,0,1
584,14,210,10/10/14,10/14/14,6,298,USD,1,1
583,12,37,10/9/14,10/11/14,6,309,USD,1,1
582,19,67,10/9/14,10/13/14,3,195,USD,0,1
581,14,172,10/9/14,10/12/14,3,186,USD,0,1
580,15,127,10/8/14,10/13/14,2,201,USD,0,1
579,11,334,10/7/14,10/8/14,1,222,USD,1,1
578,10,188,10/7/14,10/12/14,4,199,USD,0,1
577,20,231,10/7/14,10/8/14,3,187,USD,0,1
576,21,194,10/6/14,10/9/14,1,221,USD,1,1
575,6,160,10/5/14,10/6/14,4,205,USD,0,1
574,21,350,10/4/14,10/9/14,1,237,USD,1,1
573,21,84,10/4/14,10/8/14,1,231,USD,0,1
572,3,349,10/3/14,10/8/14,2,197,USD,1,1
571,8,54,10/3/14,10/4/14,3,180,USD,1,1
570,15,25,10/2/14,10/4/14,4,203,USD,0,1
569,9,43,10/2/14,10/5/14,3,186,USD,1,1
568,19,293,10/2/14,10/6/14,1,220,USD,0,1
567,1,269,10/1/14,10/4/14,3,190,USD,1,1
566,6,114,9/30/14,10/2/14,7,350,USD,0,1
565,13,69,9/29/14,10/2/14,3,183,USD,0,1
564,10,333,9/28/14,10/2/14,5,200,USD,0,1
563,11,140,9/27/14,9/30/14,2,207,USD,1,1
562,6,56,9/27/14,10/2/14,1,231,USD,0,1
561,16,266,9/26/14,9/28/14,5,206,USD,0,1
560,10,338,9/26/14,9/27/14,7,160,USD,1,1
559,1,30,9/26/14,9/29/14,7,410,USD,0,1
558,21,5,9/25/14,9/28/14,4,195,USD,0,1
557,20,254,9/25/14,9/30/14,2,190,USD,1,1
556,17,206,9/24/14,9/25/14,5,208,USD,0,1
555,20,197,9/23/14,9/27/14,6,293,USD,0,1
554,12,200,9/23/14,9/24/14,1,233,USD,0,1
553,6,81,9/22/14,9/27/14,2,190,USD,0,1
552,11,99,9/21/14,9/25/14,2,199,USD,1,1
551,3,320,9/20/14,9/24/14,7,370,USD,1,1
550,15,230,9/20/14,9/25/14,1,221,USD,1,1
549,12,55,9/20/14,9/23/14,1,236,USD,1,1
548,21,272,9/20/14,9/25/14,5,201,USD,1,1
547,20,219,9/20/14,9/22/14,2,193,USD,1,1
546,13,317,9/20/14,9/25/14,5,200,USD,1,1
545,18,257,9/20/14,9/25/14,6,290,USD,1,1
544,6,302,9/20/14,9/22/14,1,231,USD,0,1
543,8,154,9/19/14,9/21/14,5,214,USD,0,1
542,2,298,9/19/14,9/20/14,6,304,USD,1,1
541,19,267,9/19/14,9/20/14,7,190,USD,1,1
540,3,294,9/18/14,9/22/14,3,199,USD,0,1
539,14,233,9/17/14,9/20/14,4,201,USD,1,1
538,14,69,9/16/14,9/18/14,1,230,USD,1,1
537,12,42,9/15/14,9/20/14,1,237,USD,1,1
536,20,236,9/15/14,9/19/14,3,193,USD,0,1
535,4,278,9/14/14,9/18/14,3,184,USD,0,1
534,9,243,9/13/14,9/14/14,7,210,USD,0,1
533,2,301,9/13/14,9/15/14,2,195,USD,1,1
532,9,107,9/12/14,9/17/14,5,203,USD,1,1
531,20,316,9/12/14,9/16/14,1,239,USD,0,1
530,18,181,9/12/14,9/16/14,6,310,USD,1,1
529,8,190,9/11/14,9/12/14,6,309,USD,0,1
528,15,207,9/11/14,9/15/14,3,200,USD,1,1
527,10,272,9/11/14,9/12/14,6,308,USD,0,1
526,10,330,9/10/14,9/12/14,1,221,USD,1,1
525,12,19,9/10/14,9/13/14,5,201,USD,1,1
524,5,217,9/9/14,9/12/14,1,226,USD,0,1
523,9,335,9/9/14,9/10/14,7,430,USD,0,1
522,7,31,9/9/14,9/12/14,4,193,USD,0,1
521,3,209,9/9/14,9/12/14,3,184,USD,1,1
520,10,199,9/8/14,9/9/14,3,189,USD,1,1
519,14,301,9/8/14,9/12/14,3,191,USD,1,1
518,13,127,9/7/14,9/8/14,7,240,USD,1,1
517,12,305,9/6/14,9/11/14,2,209,USD,0,1
516,20,193,9/6/14,9/9/14,6,295,USD,0,1
515,7,309,9/6/14,9/8/14,4,197,USD,0,1
514,11,267,9/5/14,9/10/14,3,193,USD,1,1
513,19,232,9/5/14,9/8/14,5,214,USD,1,1
512,18,168,9/4/14,9/7/14,7,180,USD,0,1
511,16,256,9/3/14,9/8/14,5,205,USD,0,1
510,8,249,9/2/14,9/3/14,5,200,USD,0,1
509,3,319,9/1/14,9/2/14,4,209,USD,1,1
508,19,214,8/31/14,9/4/14,3,191,USD,0,1
507,4,114,8/30/14,9/3/14,7,210,USD,1,1
506,17,172,8/30/14,9/3/14,7,380,USD,0,1
505,18,6,8/30/14,9/2/14,3,193,USD,0,1
504,21,20,8/29/14,9/1/14,4,206,USD,0,1
503,21,224,8/28/14,8/31/14,2,196,USD,1,1
502,11,119,8/27/14,8/29/14,3,190,USD,0,1
501,19,149,8/26/14,8/27/14,5,207,USD,1,1
500,1,218,8/25/14,8/29/14,2,204,USD,1,1
499,12,239,8/25/14,8/26/14,2,191,USD,0,1
498,10,104,8/25/14,8/29/14,1,221,USD,0,1
497,19,230,8/25/14,8/27/14,7,290,USD,0,1
496,19,266,8/24/14,8/27/14,5,219,USD,1,1
495,7,44,8/23/14,8/28/14,6,301,USD,0,1
494,20,309,8/23/14,8/25/14,4,194,USD,0,1
493,1,89,8/23/14,8/25/14,4,205,USD,0,1
492,20,237,8/22/14,8/23/14,1,234,USD,1,1
491,21,248,8/21/14,8/23/14,4,202,USD,1,1
490,12,134,8/21/14,8/23/14,5,204,USD,0,1
489,7,27,8/21/14,8/24/14,4,190,USD,1,1
488,1,124,8/20/14,8/24/14,4,210,USD,0,1
487,15,331,8/19/14,8/21/14,5,220,USD,1,1
486,8,287,8/19/14,8/22/14,1,220,USD,1,1
485,5,122,8/19/14,8/23/14,4,197,USD,1,1
484,3,64,8/18/14,8/22/14,1,233,USD,1,1
483,1,41,8/17/14,8/21/14,7,190,USD,1,1
482,13,217,8/17/14,8/19/14,3,192,USD,0,1
481,17,323,8/17/14,8/22/14,7,360,USD,1,1
480,5,78,8/16/14,8/19/14,4,208,USD,0,1
479,12,294,8/16/14,8/18/14,5,217,USD,0,1
478,8,338,8/15/14,8/16/14,2,192,USD,1,1
477,21,10,8/15/14,8/16/14,2,203,USD,1,1
476,16,233,8/14/14,8/15/14,7,200,USD,0,1
475,2,20,8/14/14,8/17/14,7,350,USD,0,1
474,15,90,8/13/14,8/15/14,2,198,USD,1,1
473,7,21,8/12/14,8/14/14,1,237,USD,1,1
472,4,312,8/12/14,8/15/14,4,199,USD,1,1
471,10,62,8/12/14,8/17/14,4,208,USD,1,1
470,19,339,8/11/14,8/14/14,2,202,USD,0,1
469,12,89,8/10/14,8/14/14,6,307,USD,0,1
468,12,111,8/10/14,8/12/14,3,184,USD,1,1
467,4,74,8/9/14,8/11/14,6,294,USD,1,1
466,9,62,8/9/14,8/11/14,7,320,USD,1,1
465,3,218,8/8/14,8/12/14,5,205,USD,1,1
464,7,189,8/8/14,8/10/14,3,185,USD,1,1
463,12,173,8/8/14,8/11/14,6,294,USD,0,1
462,7,240,8/8/14,8/9/14,5,202,USD,0,1
461,16,80,8/7/14,8/8/14,1,237,USD,0,1
460,21,168,8/6/14,8/8/14,2,194,USD,1,1
459,11,153,8/6/14,8/7/14,4,192,USD,0,1
458,6,259,8/5/14,8/9/14,4,200,USD,0,1
457,9,303,8/5/14,8/6/14,4,201,USD,1,1
456,12,232,8/5/14,8/8/14,4,197,USD,0,1
455,12,310,8/5/14,8/9/14,3,182,USD,1,1
454,18,287,8/5/14,8/10/14,2,192,USD,0,1
453,10,50,8/4/14,8/7/14,7,160,USD,0,1
452,16,57,8/4/14,8/7/14,7,160,USD,1,1
451,11,101,8/4/14,8/9/14,3,187,USD,0,1
450,3,151,8/3/14,8/4/14,2,194,USD,0,1
449,9,252,8/3/14,8/6/14,7,290,USD,0,1
448,17,101,8/2/14,8/4/14,3,187,USD,1,1
447,11,192,8/1/14,8/6/14,1,240,USD,0,1
446,7,36,8/1/14,8/3/14,4,205,USD,1,1
445,13,238,8/1/14,8/3/14,2,206,USD,1,1
444,5,319,8/1/14,8/5/14,5,200,USD,1,1
443,14,225,8/1/14,8/6/14,1,232,USD,1,1
442,11,231,7/31/14,8/5/14,1,225,USD,0,1
441,18,82,7/30/14,8/4/14,4,191,USD,1,1
440,1,35,7/30/14,8/4/14,6,306,USD,0,1
439,20,23,7/30/14,8/1/14,6,292,USD,1,1
438,5,191,7/29/14,7/30/14,4,200,USD,1,1
437,16,344,7/29/14,8/2/14,2,206,USD,1,1
436,12,279,7/28/14,7/30/14,5,202,USD,0,1
435,8,145,7/28/14,8/1/14,1,227,USD,1,1
434,14,203,7/28/14,7/30/14,5,201,USD,1,1
433,6,129,7/27/14,7/29/14,4,208,USD,0,1
432,17,208,7/26/14,7/31/14,7,480,USD,0,1
431,1,345,7/25/14,7/26/14,3,187,USD,1,1
430,9,286,7/25/14,7/30/14,2,190,USD,0,1
429,15,175,7/25/14,7/28/14,4,191,USD,0,1
428,12,206,7/24/14,7/29/14,5,206,USD,0,1
427,7,127,7/24/14,7/25/14,1,239,USD,0,1
426,20,97,7/23/14,7/26/14,5,200,USD,0,1
425,17,33,7/23/14,7/28/14,7,270,USD,1,1
424,4,12,7/22/14,7/26/14,6,301,USD,0,1
423,7,129,7/21/14,7/25/14,2,198,USD,1,1
422,7,72,7/20/14,7/24/14,2,191,USD,0,1
421,15,88,7/19/14,7/20/14,5,208,USD,1,1
420,17,33,7/18/14,7/19/14,5,219,USD,0,1
419,12,26,7/17/14,7/22/14,7,440,USD,1,1
418,14,226,7/16/14,7/17/14,7,430,USD,0,1
417,6,312,7/15/14,7/16/14,2,204,USD,1,1
416,12,339,7/15/14,7/17/14,1,231,USD,1,1
415,1,28,7/15/14,7/16/14,7,460,USD,0,1
414,17,343,7/15/14,7/18/14,6,290,USD,0,1
413,14,173,7/14/14,7/17/14,2,209,USD,1,1
412,16,296,7/14/14,7/15/14,7,420,USD,0,1
411,8,291,7/14/14,7/19/14,3,180,USD,0,1
410,19,283,7/13/14,7/15/14,4,200,USD,0,1
409,9,321,7/13/14,7/18/14,7,470,USD,0,1
408,11,87,7/13/14,7/14/14,7,400,USD,1,1
407,17,276,7/13/14,7/14/14,2,204,USD,1,1
406,19,242,7/12/14,7/13/14,2,206,USD,0,1
405,1,121,7/12/14,7/17/14,7,450,USD,0,1
404,18,51,7/12/14,7/14/14,7,380,USD,1,1
403,9,322,7/11/14,7/15/14,3,196,USD,1,1
402,6,259,7/11/14,7/15/14,6,304,USD,0,1
401,12,350,7/11/14,7/16/14,5,218,USD,1,1
400,12,177,7/11/14,7/14/14,1,227,USD,0,1
399,17,204,7/10/14,7/14/14,1,230,USD,0,1
398,20,299,7/10/14,7/11/14,5,220,USD,0,1
397,18,81,7/10/14,7/12/14,4,193,USD,0,1
396,6,4,7/10/14,7/11/14,7,390,USD,1,1
395,18,236,7/10/14,7/11/14,2,197,USD,0,1
394,16,220,7/9/14,7/10/14,4,209,USD,0,1
393,14,199,7/8/14,7/12/14,2,210,USD,1,1
392,6,204,7/8/14,7/13/14,7,340,USD,1,1
391,8,189,7/8/14,7/12/14,5,213,USD,1,1
390,1,35,7/7/14,7/8/14,5,214,USD,0,1
389,14,103,7/7/14,7/8/14,4,191,USD,0,1
388,2,150,7/7/14,7/12/14,5,203,USD,0,1
387,3,202,7/7/14,7/12/14,3,192,USD,1,1
386,15,249,7/7/14,7/12/14,7,130,USD,1,1
385,19,176,7/7/14,7/12/14,2,196,USD,0,1
384,16,121,7/6/14,7/9/14,7,140,USD,0,1
383,20,256,7/5/14,7/7/14,4,195,USD,0,1
382,1,203,7/5/14,7/10/14,2,193,USD,1,1
381,21,316,7/5/14,7/8/14,7,260,USD,1,1
380,18,101,7/5/14,7/6/14,2,193,USD,0,1
379,8,255,7/4/14,7/8/14,6,291,USD,1,1
378,19,61,7/4/14,7/8/14,4,202,USD,1,1
377,11,339,7/3/14,7/8/14,4,190,USD,1,1
376,18,42,7/2/14,7/4/14,4,190,USD,1,1
375,17,105,7/2/14,7/7/14,3,186,USD,0,1
374,14,75,7/1/14,7/3/14,2,191,USD,1,1
373,16,219,6/30/14,7/3/14,7,220,USD,1,1
372,7,342,6/30/14,7/4/14,4,197,USD,1,1
371,7,245,6/30/14,7/2/14,1,237,USD,0,1
370,13,205,6/29/14,7/3/14,3,199,USD,0,1
369,15,199,6/28/14,7/3/14,7,280,USD,0,1
368,19,261,6/27/14,6/29/14,7,420,USD,0,1
367,10,343,6/27/14,7/1/14,2,200,USD,1,1
366,8,330,6/27/14,7/1/14,3,183,USD,0,1
365,3,15,6/26/14,7/1/14,2,196,USD,0,1
364,13,131,6/25/14,6/27/14,3,195,USD,1,1
363,16,179,6/24/14,6/26/14,1,239,USD,0,1
362,14,320,6/23/14,6/24/14,2,196,USD,1,1
361,4,49,6/22/14,6/23/14,1,232,USD,0,1
360,15,137,6/22/14,6/27/14,3,182,USD,1,1
359,16,31,6/21/14,6/25/14,4,202,USD,1,1
358,6,261,6/21/14,6/22/14,5,210,USD,1,1
357,3,212,6/20/14,6/25/14,1,236,USD,0,1
356,1,213,6/19/14,6/20/14,1,239,USD,1,1
355,8,29,6/19/14,6/22/14,5,215,USD,1,1
354,18,52,6/19/14,6/24/14,4,206,USD,1,1
353,21,210,6/19/14,6/24/14,3,186,USD,1,1
352,5,333,6/19/14,6/21/14,5,212,USD,0,1
351,4,23,6/19/14,6/21/14,5,210,USD,1,1
350,14,82,6/19/14,6/22/14,1,221,USD,1,1
349,2,14,6/18/14,6/21/14,5,210,USD,1,1
348,21,86,6/18/14,6/23/14,2,191,USD,1,1
347,15,96,6/18/14,6/21/14,6,294,USD,0,1
346,4,153,6/17/14,6/18/14,4,195,USD,0,1
345,1,287,6/16/14,6/19/14,6,306,USD,1,1
344,11,117,6/15/14,6/16/14,6,294,USD,1,1
343,1,283,6/15/14,6/19/14,7,380,USD,1,1
342,8,73,6/14/14,6/18/14,6,308,USD,0,1
341,5,180,6/14/14,6/18/14,6,308,USD,0,1
340,10,166,6/14/14,6/15/14,4,198,USD,1,1
339,9,156,6/14/14,6/19/14,3,190,USD,1,1
338,12,114,6/14/14,6/18/14,2,192,USD,1,1
337,5,258,6/13/14,6/18/14,3,184,USD,0,1
336,4,346,6/12/14,6/15/14,1,240,USD,0,1
335,16,289,6/12/14,6/13/14,2,200,USD,1,1
334,12,71,6/12/14,6/16/14,4,191,USD,0,1
333,9,27,6/12/14,6/15/14,1,224,USD,1,1
332,6,325,6/11/14,6/14/14,2,194,USD,1,1
331,8,274,6/10/14,6/12/14,7,340,USD,1,1
330,13,342,6/10/14,6/11/14,1,224,USD,1,1
329,12,121,6/10/14,6/13/14,5,203,USD,1,1
328,11,114,6/9/14,6/12/14,6,301,USD,1,1
327,18,261,6/8/14,6/11/14,1,239,USD,1,1
326,10,19,6/8/14,6/11/14,6,299,USD,0,1
325,11,276,6/7/14,6/9/14,3,193,USD,0,1
324,21,201,6/7/14,6/9/14,4,191,USD,0,1
323,17,16,6/6/14,6/11/14,3,181,USD,0,1
322,15,74,6/6/14,6/10/14,6,292,USD,1,1
321,13,161,6/5/14,6/8/14,3,184,USD,1,1
320,10,164,6/5/14,6/8/14,2,201,USD,1,1
319,15,258,6/5/14,6/10/14,2,201,USD,1,1
318,19,115,6/4/14,6/9/14,2,193,USD,0,1
317,1,253,6/3/14,6/8/14,4,191,USD,1,1
316,19,263,6/3/14,6/5/14,3,184,USD,1,1
315,8,159,6/2/14,6/7/14,1,240,USD,0,1
314,14,59,6/2/14,6/4/14,1,227,USD,0,1
313,19,243,6/1/14,6/4/14,1,237,USD,1,1
312,13,53,6/1/14,6/5/14,2,196,USD,0,1
311,15,341,5/31/14,6/3/14,2,198,USD,0,1
310,15,145,5/31/14,6/2/14,1,233,USD,1,1
309,17,318,5/30/14,6/3/14,4,209,USD,1,1
308,17,274,5/29/14,6/2/14,4,200,USD,1,1
307,1,350,5/29/14,6/3/14,2,196,USD,1,1
306,6,232,5/29/14,6/3/14,6,299,USD,0,1
305,4,43,5/28/14,5/31/14,4,198,USD,0,1
304,13,217,5/27/14,5/29/14,1,223,USD,1,1
303,10,161,5/26/14,5/27/14,5,214,USD,0,1
302,6,26,5/25/14,5/26/14,1,234,USD,1,1
301,15,94,5/25/14,5/29/14,1,220,USD,1,1
300,4,86,5/24/14,5/27/14,7,110,USD,1,1
299,13,107,5/24/14,5/29/14,7,350,USD,1,1
298,13,89,5/23/14,5/24/14,2,194,USD,0,1
297,5,57,5/22/14,5/27/14,4,197,USD,0,1
296,2,165,5/22/14,5/26/14,6,310,USD,1,1
295,11,307,5/22/14,5/25/14,6,295,USD,1,1
294,1,188,5/22/14,5/25/14,7,410,USD,0,1
293,20,103,5/22/14,5/23/14,6,290,USD,1,1
292,1,115,5/21/14,5/23/14,1,221,USD,1,1
291,15,166,5/21/14,5/23/14,2,204,USD,1,1
290,6,277,5/21/14,5/22/14,7,460,USD,0,1
289,11,350,5/20/14,5/25/14,6,296,USD,1,1
288,1,105,5/20/14,5/25/14,4,208,USD,1,1
287,15,206,5/20/14,5/25/14,4,193,USD,1,1
286,4,92,5/19/14,5/23/14,1,231,USD,1,1
285,21,36,5/18/14,5/23/14,4,203,USD,0,1
284,19,258,5/18/14,5/21/14,2,200,USD,0,1
283,18,47,5/18/14,5/22/14,4,199,USD,1,1
282,1,267,5/18/14,5/19/14,6,298,USD,0,1
281,5,158,5/18/14,5/23/14,3,191,USD,0,1
280,15,85,5/17/14,5/20/14,4,193,USD,1,1
279,18,160,5/17/14,5/19/14,1,222,USD,1,1
278,1,92,5/16/14,5/17/14,1,233,USD,1,1
277,8,302,5/15/14,5/19/14,5,219,USD,0,1
276,12,257,5/14/14,5/16/14,6,303,USD,0,1
275,1,140,5/13/14,5/18/14,7,380,USD,0,1
274,4,142,5/13/14,5/17/14,6,303,USD,0,1
273,16,208,5/13/14,5/17/14,3,190,USD,1,1
272,6,20,5/12/14,5/15/14,7,300,USD,0,1
271,6,182,5/11/14,5/13/14,4,204,USD,1,1
270,11,306,5/10/14,5/12/14,5,216,USD,1,1
269,21,119,5/10/14,5/13/14,4,208,USD,0,1
268,6,227,5/10/14,5/12/14,7,390,USD,1,1
267,9,161,5/9/14,5/12/14,6,291,USD,0,1
266,20,255,5/8/14,5/13/14,4,196,USD,1,1
265,15,258,5/8/14,5/9/14,2,195,USD,0,1
264,19,126,5/8/14,5/10/14,7,370,USD,0,1
263,4,121,5/8/14,5/11/14,4,201,USD,0,1
262,20,154,5/8/14,5/9/14,2,201,USD,1,1
261,6,135,5/8/14,5/9/14,3,187,USD,1,1
260,5,341,5/7/14,5/8/14,6,310,USD,1,1
259,4,226,5/7/14,5/8/14,6,303,USD,1,1
258,2,155,5/6/14,5/7/14,5,214,USD,1,1
257,12,97,5/5/14,5/10/14,5,202,USD,0,1
256,16,265,5/4/14,5/6/14,1,226,USD,1,1
255,20,187,5/3/14,5/5/14,1,225,USD,0,1
254,7,140,5/2/14,5/7/14,5,215,USD,0,1
253,11,166,5/2/14,5/7/14,4,191,USD,0,1
252,20,134,5/2/14,5/7/14,4,202,USD,1,1
251,16,62,5/2/14,5/3/14,2,198,USD,1,1
250,8,12,5/2/14,5/5/14,7,460,USD,0,1
249,10,166,5/1/14,5/4/14,7,300,USD,0,1
248,6,91,4/30/14,5/5/14,2,206,USD,1,1
247,8,266,4/29/14,5/3/14,3,182,USD,0,1
246,20,152,4/29/14,5/3/14,5,200,USD,1,1
245,5,280,4/29/14,5/4/14,6,300,USD,1,1
244,1,157,4/28/14,5/3/14,7,430,USD,0,1
243,9,249,4/27/14,5/2/14,6,294,USD,0,1
242,4,278,4/27/14,4/29/14,5,206,USD,1,1
241,4,105,4/27/14,5/2/14,6,297,USD,1,1
240,16,59,4/27/14,4/28/14,2,199,USD,0,1
239,10,31,4/26/14,4/28/14,4,204,USD,1,1
238,2,282,4/25/14,4/28/14,7,400,USD,1,1
237,2,225,4/24/14,4/27/14,7,430,USD,1,1
236,19,81,4/23/14,4/28/14,3,187,USD,0,1
235,4,133,4/23/14,4/27/14,4,208,USD,0,1
234,9,345,4/22/14,4/23/14,3,181,USD,0,1
233,2,290,4/21/14,4/26/14,7,300,USD,0,1
232,14,9,4/20/14,4/22/14,7,180,USD,1,1
231,1,268,4/19/14,4/22/14,1,226,USD,0,1
230,8,149,4/18/14,4/19/14,5,212,USD,1,1
229,6,238,4/18/14,4/19/14,6,293,USD,1,1
228,8,195,4/18/14,4/21/14,3,200,USD,1,1
227,2,143,4/18/14,4/19/14,3,192,USD,0,1
226,6,108,4/18/14,4/22/14,5,202,USD,1,1
225,11,192,4/18/14,4/22/14,7,150,USD,1,1
224,10,215,4/18/14,4/20/14,1,228,USD,0,1
223,7,67,4/18/14,4/23/14,5,211,USD,1,1
222,7,301,4/17/14,4/20/14,6,307,USD,1,1
221,12,36,4/16/14,4/17/14,7,150,USD,1,1
220,19,182,4/16/14,4/18/14,1,237,USD,0,1
219,18,128,4/16/14,4/20/14,5,215,USD,1,1
218,2,311,4/15/14,4/20/14,1,229,USD,0,1
217,1,243,4/15/14,4/16/14,1,237,USD,0,1
216,12,3,4/14/14,4/19/14,4,205,USD,1,1
215,2,134,4/13/14,4/17/14,5,204,USD,1,1
214,1,118,4/12/14,4/17/14,5,201,USD,1,1
213,19,47,4/11/14,4/15/14,1,227,USD,0,1
212,11,224,4/11/14,4/12/14,2,190,USD,1,1
211,4,199,4/10/14,4/11/14,3,186,USD,1,1
210,6,63,4/10/14,4/13/14,6,308,USD,1,1
209,2,76,4/10/14,4/14/14,6,290,USD,1,1
208,2,141,4/10/14,4/15/14,3,184,USD,0,1
207,12,313,4/9/14,4/10/14,7,230,USD,1,1
206,15,85,4/8/14,4/10/14,6,309,USD,1,1
205,10,339,4/7/14,4/9/14,4,207,USD,0,1
204,13,201,4/6/14,4/8/14,1,239,USD,1,1
203,20,9,4/6/14,4/7/14,3,182,USD,1,1
202,9,213,4/6/14,4/9/14,1,229,USD,1,1
201,12,283,4/5/14,4/9/14,7,270,USD,1,1
200,20,82,4/5/14,4/6/14,7,320,USD,0,1
199,12,30,4/5/14,4/10/14,3,195,USD,1,1
198,21,253,4/4/14,4/9/14,1,232,USD,1,1
197,15,22,4/4/14,4/9/14,5,204,USD,1,1
196,13,166,4/4/14,4/5/14,6,294,USD,1,1
195,12,65,4/3/14,4/6/14,5,220,USD,0,1
194,9,155,4/3/14,4/5/14,6,293,USD,1,1
193,7,320,4/2/14,4/7/14,3,196,USD,0,1
192,19,90,4/1/14,4/3/14,7,440,USD,1,1
191,6,234,3/31/14,4/4/14,5,214,USD,1,1
190,9,65,3/31/14,4/5/14,7,470,USD,1,1
189,21,294,3/30/14,4/2/14,4,201,USD,0,1
188,5,57,3/30/14,4/1/14,2,209,USD,1,1
187,10,25,3/30/14,4/2/14,2,198,USD,1,1
186,16,159,3/29/14,3/30/14,6,292,USD,0,1
185,10,33,3/28/14,3/29/14,5,215,USD,0,1
184,13,202,3/27/14,3/31/14,3,192,USD,1,1
183,7,253,3/26/14,3/27/14,7,460,USD,0,1
182,19,62,3/25/14,3/28/14,7,310,USD,1,1
181,3,276,3/24/14,3/27/14,7,300,USD,1,1
180,21,158,3/24/14,3/27/14,2,209,USD,1,1
179,14,296,3/23/14,3/26/14,7,440,USD,0,1
178,17,297,3/23/14,3/24/14,6,302,USD,1,1
177,12,204,3/23/14,3/24/14,5,215,USD,0,1
176,12,176,3/22/14,3/24/14,1,230,USD,1,1
175,4,323,3/21/14,3/26/14,7,390,USD,1,1
174,18,111,3/21/14,3/22/14,2,205,USD,0,1
173,19,344,3/20/14,3/21/14,4,210,USD,0,1
172,4,240,3/19/14,3/20/14,3,180,USD,1,1
171,6,348,3/19/14,3/22/14,3,195,USD,0,1
170,21,147,3/18/14,3/23/14,4,190,USD,0,1
169,7,109,3/18/14,3/20/14,4,198,USD,1,1
168,5,32,3/18/14,3/22/14,5,220,USD,1,1
167,15,330,3/18/14,3/22/14,3,184,USD,1,1
166,17,224,3/17/14,3/19/14,6,304,USD,1,1
165,12,308,3/17/14,3/18/14,6,310,USD,1,1
164,13,322,3/17/14,3/18/14,2,195,USD,1,1
163,11,15,3/16/14,3/17/14,4,195,USD,1,1
162,8,6,3/16/14,3/19/14,2,206,USD,1,1
161,11,140,3/15/14,3/20/14,4,199,USD,0,1
160,9,220,3/15/14,3/20/14,4,190,USD,1,1
159,10,277,3/14/14,3/19/14,7,310,USD,0,1
158,8,244,3/14/14,3/17/14,6,309,USD,1,1
157,12,145,3/14/14,3/16/14,2,195,USD,1,1
156,10,43,3/13/14,3/18/14,3,187,USD,0,1
155,12,64,3/13/14,3/17/14,1,225,USD,1,1
154,13,210,3/13/14,3/18/14,7,380,USD,0,1
153,11,19,3/13/14,3/14/14,5,212,USD,1,1
152,15,171,3/13/14,3/18/14,2,192,USD,1,1
151,12,168,3/13/14,3/15/14,4,208,USD,1,1
150,20,169,3/12/14,3/16/14,4,190,USD,1,1
149,19,337,3/12/14,3/17/14,5,204,USD,1,1
148,4,207,3/11/14,3/15/14,1,227,USD,1,1
147,10,230,3/11/14,3/14/14,5,201,USD,1,1
146,12,101,3/10/14,3/11/14,4,197,USD,1,1
145,6,143,3/9/14,3/10/14,6,297,USD,1,1
144,16,310,3/9/14,3/10/14,6,295,USD,1,1
143,18,63,3/8/14,3/10/14,7,270,USD,0,1
142,15,224,3/8/14,3/10/14,4,192,USD,0,1
141,2,48,3/7/14,3/9/14,2,203,USD,0,1
140,15,56,3/6/14,3/9/14,5,208,USD,0,1
139,10,169,3/5/14,3/10/14,1,222,USD,1,1
138,14,14,3/5/14,3/10/14,1,236,USD,0,1
137,16,272,3/5/14,3/9/14,6,298,USD,0,1
136,8,162,3/5/14,3/6/14,5,205,USD,1,1
135,9,92,3/5/14,3/10/14,6,294,USD,0,1
134,18,12,3/5/14,3/9/14,6,308,USD,1,1
133,15,20,3/4/14,3/5/14,6,310,USD,0,1
132,15,127,3/3/14,3/4/14,6,295,USD,0,1
131,3,186,3/3/14,3/5/14,3,198,USD,0,1
130,11,44,3/3/14,3/7/14,6,309,USD,0,1
129,2,91,3/3/14,3/8/14,7,150,USD,1,1
128,21,155,3/2/14,3/4/14,4,209,USD,0,1
127,8,53,3/1/14,3/3/14,6,294,USD,0,1
126,17,180,2/28/14,3/3/14,1,224,USD,1,1
125,15,142,2/27/14,3/3/14,5,201,USD,1,1
124,21,124,2/27/14,2/28/14,4,190,USD,1,1
123,8,137,2/27/14,3/3/14,4,195,USD,1,1
122,3,102,2/26/14,2/28/14,3,195,USD,0,1
121,19,44,2/25/14,2/28/14,2,193,USD,1,1
120,8,251,2/25/14,2/27/14,4,192,USD,1,1
119,16,246,2/24/14,3/1/14,1,233,USD,1,1
118,17,204,2/24/14,2/27/14,1,226,USD,0,1
117,3,217,2/23/14,2/27/14,4,202,USD,0,1
116,7,246,2/23/14,2/26/14,7,230,USD,1,1
115,16,17,2/23/14,2/26/14,6,301,USD,1,1
114,16,176,2/23/14,2/27/14,2,206,USD,0,1
113,6,200,2/22/14,2/25/14,7,430,USD,0,1
112,2,38,2/21/14,2/25/14,5,218,USD,1,1
111,12,179,2/21/14,2/26/14,5,207,USD,1,1
110,19,71,2/21/14,2/26/14,2,209,USD,1,1
109,15,230,2/20/14,2/25/14,2,200,USD,1,1
108,9,187,2/19/14,2/24/14,3,198,USD,1,1
107,12,115,2/18/14,2/21/14,5,206,USD,0,1
106,19,205,2/17/14,2/18/14,2,198,USD,1,1
105,1,173,2/17/14,2/20/14,2,194,USD,1,1
104,4,102,2/17/14,2/21/14,1,223,USD,0,1
103,19,339,2/16/14,2/21/14,1,231,USD,0,1
102,1,234,2/16/14,2/19/14,5,213,USD,0,1
101,10,276,2/16/14,2/20/14,3,184,USD,1,1
100,20,243,2/15/14,2/16/14,7,280,USD,1,1
99,11,147,2/15/14,2/18/14,2,196,USD,1,1
98,13,325,2/15/14,2/18/14,6,296,USD,0,1
97,7,220,2/14/14,2/19/14,6,304,USD,1,1
96,2,316,2/14/14,2/15/14,6,296,USD,0,1
95,15,206,2/14/14,2/17/14,3,189,USD,0,1
94,1,124,2/14/14,2/18/14,5,214,USD,1,1
93,18,330,2/13/14,2/16/14,7,400,USD,0,1
92,19,14,2/13/14,2/14/14,4,194,USD,1,1
91,12,5,2/13/14,2/14/14,7,340,USD,1,1
90,13,22,2/13/14,2/16/14,7,460,USD,0,1
89,12,332,2/12/14,2/13/14,1,229,USD,0,1
88,11,226,2/11/14,2/12/14,1,230,USD,1,1
87,20,71,2/10/14,2/11/14,5,203,USD,1,1
86,12,207,2/10/14,2/11/14,4,195,USD,0,1
85,16,29,2/10/14,2/14/14,1,237,USD,0,1
84,6,109,2/10/14,2/11/14,2,203,USD,1,1
83,14,269,2/9/14,2/11/14,1,221,USD,1,1
82,14,113,2/9/14,2/13/14,2,196,USD,1,1
81,6,35,2/9/14,2/11/14,4,210,USD,1,1
80,6,123,2/8/14,2/11/14,5,217,USD,0,1
79,6,31,2/8/14,2/11/14,5,213,USD,0,1
78,9,65,2/7/14,2/12/14,5,204,USD,0,1
77,18,330,2/6/14,2/11/14,1,229,USD,0,1
76,9,121,2/6/14,2/8/14,6,307,USD,0,1
75,17,204,2/5/14,2/6/14,6,295,USD,1,1
74,20,125,2/5/14,2/6/14,1,236,USD,0,1
73,21,77,2/5/14,2/8/14,4,210,USD,1,1
72,17,74,2/5/14,2/7/14,1,240,USD,0,1
71,14,19,2/5/14,2/9/14,7,470,USD,0,1
70,21,337,2/5/14,2/8/14,5,210,USD,0,1
69,15,24,2/4/14,2/6/14,5,200,USD,1,1
68,13,168,2/3/14,2/8/14,5,207,USD,1,1
67,17,138,2/3/14,2/7/14,6,303,USD,1,1
66,3,34,2/3/14,2/7/14,2,199,USD,1,1
65,12,257,2/2/14,2/4/14,7,320,USD,1,1
64,8,114,2/2/14,2/3/14,4,198,USD,0,1
63,4,320,2/2/14,2/4/14,2,204,USD,1,1
62,9,156,2/2/14,2/3/14,6,308,USD,1,1
61,19,4,2/2/14,2/3/14,4,197,USD,0,1
60,19,166,2/2/14,2/3/14,6,306,USD,0,1
59,13,44,2/1/14,2/3/14,2,204,USD,0,1
58,20,275,1/31/14,2/1/14,1,222,USD,0,1
57,6,199,1/30/14,1/31/14,5,206,USD,1,1
56,5,98,1/30/14,1/31/14,6,295,USD,0,1
55,21,145,1/30/14,1/31/14,7,220,USD,0,1
54,15,150,1/29/14,1/30/14,6,303,USD,0,1
53,13,114,1/28/14,2/1/14,6,292,USD,1,1
52,6,336,1/28/14,1/29/14,1,225,USD,0,1
51,2,210,1/27/14,2/1/14,4,207,USD,0,1
50,12,104,1/26/14,1/28/14,1,229,USD,0,1
49,7,286,1/25/14,1/30/14,3,195,USD,0,1
48,21,309,1/25/14,1/29/14,5,214,USD,1,1
47,4,18,1/25/14,1/28/14,3,185,USD,0,1
46,12,257,1/24/14,1/28/14,6,298,USD,0,1
45,19,245,1/24/14,1/28/14,4,190,USD,1,1
44,16,334,1/24/14,1/25/14,3,194,USD,0,1
43,19,101,1/23/14,1/27/14,3,197,USD,0,1
42,16,308,1/23/14,1/26/14,6,292,USD,0,1
41,6,52,1/23/14,1/26/14,4,204,USD,0,1
40,20,15,1/22/14,1/27/14,1,222,USD,0,1
39,9,283,1/21/14,1/22/14,7,460,USD,1,1
38,5,317,1/20/14,1/22/14,1,236,USD,1,1
37,8,184,1/19/14,1/24/14,7,470,USD,0,1
36,19,156,1/18/14,1/21/14,4,199,USD,0,1
35,3,71,1/18/14,1/21/14,5,213,USD,0,1
34,12,310,1/18/14,1/19/14,7,320,USD,0,1
33,7,337,1/17/14,1/18/14,4,196,USD,0,1
32,5,153,1/17/14,1/20/14,5,200,USD,0,1
31,13,307,1/16/14,1/17/14,4,210,USD,1,1
30,4,274,1/16/14,1/17/14,5,203,USD,0,1
29,16,6,1/15/14,1/19/14,1,224,USD,0,1
28,10,196,1/15/14,1/20/14,3,184,USD,1,1
27,5,220,1/14/14,1/18/14,6,301,USD,0,1
26,18,336,1/14/14,1/17/14,5,220,USD,0,1
25,16,252,1/14/14,1/16/14,1,230,USD,0,1
24,1,61,1/14/14,1/15/14,1,235,USD,1,1
23,11,262,1/13/14,1/18/14,5,205,USD,0,1
22,6,100,1/12/14,1/13/14,3,185,USD,0,1
21,4,348,1/12/14,1/15/14,5,218,USD,0,1
20,11,271,1/11/14,1/12/14,1,222,USD,1,1
19,15,95,1/10/14,1/13/14,3,199,USD,0,1
18,1,73,1/10/14,1/15/14,2,192,USD,0,1
17,8,297,1/9/14,1/10/14,1,220,USD,0,1
16,8,242,1/9/14,1/11/14,1,238,USD,1,1
15,11,77,1/8/14,1/10/14,5,203,USD,0,1
14,2,91,1/7/14,1/9/14,2,208,USD,1,1
13,18,257,1/6/14,1/10/14,3,193,USD,0,1
12,4,20,1/5/14,1/10/14,4,194,USD,1,1
11,1,224,1/5/14,1/6/14,3,197,USD,1,1
10,16,8,1/5/14,1/6/14,3,183,USD,0,1
9,2,323,1/5/14,1/7/14,3,192,USD,0,1
8,4,121,1/5/14,1/9/14,7,150,USD,1,1
7,14,348,1/5/14,1/7/14,4,204,USD,1,1
6,20,175,1/4/14,1/8/14,3,184,USD,1,1
5,6,183,1/4/14,1/9/14,6,294,USD,1,1
4,12,215,1/3/14,1/7/14,3,195,USD,0,1
3,14,18,1/2/14,1/4/14,1,226,USD,0,1
2,19,194,1/2/14,1/4/14,1,221,USD,0,1
1,11,196,1/1/14,1/6/14,1,226,USD,0,1
,,,,,,,,,
,,,,,,,,,
,,,,,,,,,
,,,,,,,,,
,,,,,,,,,
,,,,,,,,,
,,,,,,,,,
,,,,,,,,,
,,,,,,,,,
,,,,,,,,,
,,,,,,,,,
,,,,,,,,,